,ID,Label,,Alt Label 1,Alt Label 2,Definition,Definition Source,RDF Type,Class Type,Parent IRI,Parent IRI,Parent IRI,Parent IRI,Parent IRI,Equivalent to definedByProbe,Equivalent to definedByProcess,Equivalent to definedByDependence,Equivalent to definedByPurpose,Equivalent,Equivalent ,Disjoint Classes,Individual,Property Assertions,Super Property,Domain,Range
,ID,A rdfs:label,,A http://www.w3.org/2004/02/skos/core#altLabel,A http://www.w3.org/2004/02/skos/core#altLabel,A IAO:0000115,A IAO:0000119,TYPE,CLASS_TYPE,CI,CI,CI,CI,CI,EC definedByProbe some %,EC definedByProcess some %,EC definedByDependence some %,EC definedByPurpose some  %,EC %,EC %,DC %,TI %,I 'hasTechnique',SP %,DOMAIN,RANGE
,,,,,,,,,,,,,,,,,,,,,,,,,,
Base IRI,,http://purl.org/pan-science/PaNET/,,,,,,,,,,,,,,,,,,,,,,,,
Root name,,PaNET,,,,,,,,,,,,,,,,,,,,,,,,
ID number,,,,,,,,,,,,,,,,,,,,,,,,,,
1,http://purl.org/pan-science/PaNET/PaNET00001,photon and neutron technique,,,,"A technique in the domain of neutron, muon and accelerator-based light sources",,owl:Class,subclass,owl:Thing,,,,,,,,,,,,,,,,
,,,,,,,,,,,,,,,,,,,,,,,,,,
2,http://purl.org/pan-science/PaNET/PaNET00002,defined by experimental probe,,,,A technique defined by its experimental probe type,,owl:Class,,,,,,,Probe,,,,,,,,,,,
3,http://purl.org/pan-science/PaNET/PaNET00003,defined by process,,,,A technique defined by a physical process,,owl:Class,,,,,,,,Process,,,,,,,,,,
4,http://purl.org/pan-science/PaNET/PaNET00004,defined by functional dependence,,,,A technique defined by its functional dependence,,owl:Class,,,,,,,,,Functional Dependence,,,,,,,,,
5,http://purl.org/pan-science/PaNET/PaNET00005,defined by purpose,,,,A technique defined by its goal or purpose,,owl:Class,,,,,,,,,,Purpose,,,,,,,,
,,,,,,,,,,,,,,,,,,,,,,,,,,
,,,,,,,,,,,,,,,,,,,,,,,,,,
100,http://purl.org/pan-science/PaNET/PaNET00100,photon probe,,,,,,owl:Class,,,,,,,photon_probe,,,,,,,,,,,
101,http://purl.org/pan-science/PaNET/PaNET00101,neutron probe,,,,,,owl:Class,,,,,,,neutron_probe,,,,,,,,,,,
102,http://purl.org/pan-science/PaNET/PaNET00102,muon probe,,,,,,owl:Class,,,,,,,muon_probe,,,,,,,,,,,
103,http://purl.org/pan-science/PaNET/PaNET00103,solid probe,,,,,,owl:Class,,,,,,,solid_probe,,,,,,,,,,,
104,http://purl.org/pan-science/PaNET/PaNET00104,scanning probe,,,,,,owl:Class,,,,,,,scanning_probe,,,,,,,,,,,
105,http://purl.org/pan-science/PaNET/PaNET00105,pulsed probe,,,,A technique for which a pulsed probe is essential,,owl:Class,,,,,,,pulsed_probe,,,,,,,,,,,
106,http://purl.org/pan-science/PaNET/PaNET00106,microfocussed probe,,,,,,owl:Class,,,,,,,microfocussed_probe,,,,,,,,,,,
,,,,,,,,,,,,,,,,,,,,,,,,,,
200,http://purl.org/pan-science/PaNET/PaNET00200,scattering technique,,,,Any phenomenon where a particle of the same type as the probe is emitted,,owl:Class,,,,,,,,scattering_technique,,,,,,,,,,
201,http://purl.org/pan-science/PaNET/PaNET00201,emission technique,,,,Independent of probe; classed also as scattering if the probe and emitted particles are of the same type; disjoint with elastic scattering,,owl:Class,,,,,,,,emission_technique,,,,,,,,,,
202,http://purl.org/pan-science/PaNET/PaNET00202,absorption technique,,,,,,owl:Class,,,,,,,,absorption_technique,,,,,,,,,,
203,http://purl.org/pan-science/PaNET/PaNET00203,propagation technique,,forward scattering technique,,,,owl:Class,,,,,,,,propagation_technique,,,,,,,,,,
204,http://purl.org/pan-science/PaNET/PaNET00204,refraction technique,,,,,https://en.wikipedia.org/wiki/Refraction,owl:Class,,,,,,,,refraction_technique,,,,,,,,,,
205,http://purl.org/pan-science/PaNET/PaNET00205,reflection technique,,,,,https://en.wikipedia.org/wiki/Reflection_(physics),owl:Class,,,,,,,,reflection_technique,,,,,,,,,,
206,http://purl.org/pan-science/PaNET/PaNET00206,resonance phenomenon,,,,,,owl:Class,,,,,,,,resonance_phenomenon,,,,,,,,,,
207,http://purl.org/pan-science/PaNET/PaNET00207,magnetism technique,,,,,,owl:Class,,,,,,,,magnetism_technique,,,,,,,,,,
208,http://purl.org/pan-science/PaNET/PaNET00208,dispersive technique,,,,,,owl:Class,,,,,,,,dispersive_technique,,,,,,,,,,
209,http://purl.org/pan-science/PaNET/PaNET00209,interferometry technique,,,,,,owl:Class,,,,,,,,interferometry_technique,,,,,,,,,,
210,http://purl.org/pan-science/PaNET/PaNET00210,force measurement,,,,,,owl:Class,,,,,,,,force_measurement,,,,,,,,,,
211,http://purl.org/pan-science/PaNET/PaNET00211,nonlinear interaction,,,,,,owl:Class,,,,,,,,nonlinear_interaction,,,,,,,,,,
,,,,,,,,,,,,,,,,,,,,,,,,,,
300,http://purl.org/pan-science/PaNET/PaNET00300,versus energy,,,,,,owl:Class,,,,,,,,,versus_energy,,,,,,,,,
301,http://purl.org/pan-science/PaNET/PaNET00301,versus momentum transfer,,,,,,owl:Class,,,,,,,,,versus_momentum_transfer,,,,,,,,,
302,http://purl.org/pan-science/PaNET/PaNET00302,versus polarization,,,,,,owl:Class,,,,,,,,,versus_polarization,,,,,,,,,
303,http://purl.org/pan-science/PaNET/PaNET00303,versus position,,,,,,owl:Class,,,,,,,,,versus_position,,,,,,,,,
304,http://purl.org/pan-science/PaNET/PaNET00304,versus time,,,,,,owl:Class,,,,,,,,,versus_time,,,,,,,,,
305,http://purl.org/pan-science/PaNET/PaNET00305,versus emission mass,,,,,,owl:Class,,,,,,,,,versus_emission_mass,,,,,,,,,
306,http://purl.org/pan-science/PaNET/PaNET00306,versus sample state,,,,,,owl:Class,,,,,,,,,versus_sample_state,,,,,,,,,
,,,,,,,,,,,,,,,,,,,,,,,,,,
400,http://purl.org/pan-science/PaNET/PaNET00400,obtain atomic structure,,,,,,owl:Class,,,,,,,,,,obtain_atomic_structure,,,,,,,,
401,http://purl.org/pan-science/PaNET/PaNET00401,obtain spatial map,,,,,,owl:Class,,,,,,,,,,obtain_spatial_map,,,,,,,,
402,http://purl.org/pan-science/PaNET/PaNET00402,obtain electronic ground state properties,,,,,,owl:Class,,,,,,,,,,obtain_electronic_ground_state_properties,,,,,,,,
403,http://purl.org/pan-science/PaNET/PaNET00403,obtain dynamics,,,,,,owl:Class,,,,,,,,,,obtain_dynamics,,,,,,,,
404,http://purl.org/pan-science/PaNET/PaNET00404,therapy,,,,,,owl:Class,,,,,,,,,,therapy_purpose,,,,,,,,
405,http://purl.org/pan-science/PaNET/PaNET00405,drug fragment binding,,,,,,owl:Class,,,,,,,,,,drug_fragment_binding,,,,,,,,
406,http://purl.org/pan-science/PaNET/PaNET00406,obtain internal field,,,,,,owl:Class,,,,,,,,,,obtain_internal_field,,,,,,,,
407,http://purl.org/pan-science/PaNET/PaNET00407,characterize excitations,,,,,,owl:Class,,,,,,,,,,characterize_excitations,,,,,,,,
408,http://purl.org/pan-science/PaNET/PaNET00408,manufacturing technique,,,,,,owl:Class,,,,,,,,,,manufacturing_technique,,,,,,,,
409,http://purl.org/pan-science/PaNET/PaNET00409,testing,,,,,,owl:Class,,,,,,,,,,testing_purpose,,,,,,,,
410,http://purl.org/pan-science/PaNET/PaNET00410,medical application,,,,,,owl:Class,,,,,,,,,,medical_application,,,,,,,,
411,http://purl.org/pan-science/PaNET/PaNET00411,chiral determination,,,,,,owl:Class,,,,,,,,,,chiral_determination,,,,,,,,
,,,,,,,,,,,,,,,,,,,,,,,,,,
,,,,,,,,,,,,,,,,,,,,,,,,,,
1000,http://purl.org/pan-science/PaNET/PaNET01000,time of flight technique,,TOF,,,,owl:Class,,,,,,,time_of_flight_technique,,,,,,,,,,,
1001,http://purl.org/pan-science/PaNET/PaNET01001,neutron time of flight technique,,,,,,owl:Class,,,,,,,neutron_time_of_flight_technique,,,,,,,,,,,
1002,http://purl.org/pan-science/PaNET/PaNET01002,ultrafast probe,,femtosecond probe,,,,owl:Class,,,,,,,ultrafast_probe,,,,,,,,,,,
1003,http://purl.org/pan-science/PaNET/PaNET01003,single shot technique,,,,,,owl:Class,subclass,pulsed_probe,,,,,,,,,,,,,,,,
1004,http://purl.org/pan-science/PaNET/PaNET01004,nanofocussed probe,,,,,,owl:Class,,,,,,,nanofocussed_probe,,,,,,,,,,,
1005,http://purl.org/pan-science/PaNET/PaNET01005,IR photon probe,,,,,,owl:Class,,,,,,,IR_photon_probe,,,,,,,,,,,
1006,http://purl.org/pan-science/PaNET/PaNET01006,THz photon probe,,,,,,owl:Class,,,,,,,THz_photon_probe,,,,,,,,,,,
1007,http://purl.org/pan-science/PaNET/PaNET01007,UV visible photon probe,,,,,,owl:Class,,,,,,,UV_visible_photon_probe,,,,,,,,,,,
1008,http://purl.org/pan-science/PaNET/PaNET01008,visible photon probe,,,,,,owl:Class,,,,,,,visible_photon_probe,,,,,,,,,,,
1009,http://purl.org/pan-science/PaNET/PaNET01009,UV photon probe,,,,,,owl:Class,,,,,,,UV_photon_probe,,,,,,,,,,,
1010,http://purl.org/pan-science/PaNET/PaNET01010,VUV photon probe,,,,,,owl:Class,,,,,,,VUV_photon_probe,,,,,,,,,,,
1011,http://purl.org/pan-science/PaNET/PaNET01011,EUV photon probe,,,,,,owl:Class,,,,,,,EUV_photon_probe,,,,,,,,,,,
1012,http://purl.org/pan-science/PaNET/PaNET01012,x-ray probe,,,,,,owl:Class,,,,,,,x-ray_probe,,,,,,,,,,,
1013,http://purl.org/pan-science/PaNET/PaNET01013,hard x-ray probe,,,,,,owl:Class,,,,,,,hard_x-ray_probe,,,,,,,,,,,
1014,http://purl.org/pan-science/PaNET/PaNET01014,tender x-ray probe,,,,"Energy is between hard and soft x-ray, e.g. sulphur K edge",,owl:Class,,,,,,,tender_x-ray_probe,,,,,,,,,,,
1015,http://purl.org/pan-science/PaNET/PaNET01015,soft x-ray probe,,,,,,owl:Class,,,,,,,soft_x-ray_probe,,,,,,,,,,,
1016,http://purl.org/pan-science/PaNET/PaNET01016,thermal neutron probe,,,,,https://en.wikipedia.org/wiki/Neutron_temperature#Thermal,owl:Class,,,,,,,thermal_neutron_probe,,,,,,,,,,,
1017,http://purl.org/pan-science/PaNET/PaNET01017,cold neutron probe,,,,,,owl:Class,,,,,,,cold_neutron_probe,,,,,,,,,,,
1018,http://purl.org/pan-science/PaNET/PaNET01018,monochromatic neutron probe,,,,,,owl:Class,,,,,,,monochromatic_neutron_probe,,,,,,,,,,,
1019,http://purl.org/pan-science/PaNET/PaNET01019,pulsed neutron TOF probe,,,,,,owl:Class,,,,,,,,,,,('neutron probe' and 'pulsed probe'),,,,,,,
1020,http://purl.org/pan-science/PaNET/PaNET01020,elastic scattering,,,,,https://en.wikipedia.org/wiki/Elastic_scattering,owl:Class,,,,,,,,elastic_scattering,,,,,,,,,,
1021,http://purl.org/pan-science/PaNET/PaNET01021,diffuse scattering,,,,,,owl:Class,,,,,,,,diffuse_scattering,,,,,,,,,,
1022,http://purl.org/pan-science/PaNET/PaNET01022,diffraction,,,,,https://en.wikipedia.org/wiki/Diffraction,owl:Class,,,,,,,,diffraction_,,,,,,,,,,
1023,http://purl.org/pan-science/PaNET/PaNET01023,dynamical diffraction,,,,,https://en.wikipedia.org/wiki/Dynamical_theory_of_diffraction,owl:Class,,,,,,,,dynamical_diffraction,,,,,,,,,,
1024,http://purl.org/pan-science/PaNET/PaNET01024,coherent diffraction,,,,Probe is highly coherent over illuminated sample,,owl:Class,,,,,,,,coherent_diffraction,,,,,,,,,,
1025,http://purl.org/pan-science/PaNET/PaNET01025,reference beam,,,,e.g. holography,https://en.wikipedia.org/wiki/Reference_beam,owl:Class,,,,,,,,reference_beam,,,,,,,,,,
1026,http://purl.org/pan-science/PaNET/PaNET01026,atomic scale diffraction,,,,essential diffracting structure(s),,owl:Class,subclass,diffraction,,,,,,,,,,,,,,,,
1027,http://purl.org/pan-science/PaNET/PaNET01027,atomic scale diffraction 3D volume,,,,,,owl:Class,subclass,atomic scale diffraction,,,,,,,,,,,,,,,,
1028,http://purl.org/pan-science/PaNET/PaNET01028,atomic scale diffraction 3D volume 3D periodic,,,,,,owl:Class,subclass,atomic scale diffraction 3D volume,,,,,,,,,,,,,,,,
1029,http://purl.org/pan-science/PaNET/PaNET01029,single crystal diffraction,,,,,,owl:Class,subclass,atomic scale diffraction 3D volume 3D periodic,,,,,,,,,,,,,,,,
1030,http://purl.org/pan-science/PaNET/PaNET01030,powder diffraction,,,,,https://en.wikipedia.org/wiki/Powder_diffraction,owl:Class,subclass,atomic scale diffraction 3D volume 3D periodic,,,,,,,,,,,,,,,,
1031,http://purl.org/pan-science/PaNET/PaNET01031,atomic scale diffraction 2D surface or film,,,,,,owl:Class,subclass,atomic scale diffraction,,,,,,,,,,,,,,,,
1032,http://purl.org/pan-science/PaNET/PaNET01032,micro scale diffraction,,,,,,owl:Class,subclass,diffraction,,,,,,,,,,,,,,,,
1033,http://purl.org/pan-science/PaNET/PaNET01033,incoherent scattering,,,,,https://en.wikipedia.org/wiki/Incoherent_scatter,owl:Class,,,,,,,,incoherent_scattering,,,,,,,,,,
1034,http://purl.org/pan-science/PaNET/PaNET01034,inelastic scattering,,,,,https://en.wikipedia.org/wiki/Inelastic_scattering,owl:Class,,,,,,,,inelastic_scattering,,,,,,,,,,
1035,http://purl.org/pan-science/PaNET/PaNET01035,quasielastic scattering,,,,,https://en.wikipedia.org/wiki/Quasielastic_neutron_scattering,owl:Class,,,,,,,,quasielastic_scattering,,,,,,,,,,
1036,http://purl.org/pan-science/PaNET/PaNET01036,high momentum transfer scattering,,,,,,owl:Class,,,,,,,,high_momentum_transfer_scattering,,,,,,,,,,
1037,http://purl.org/pan-science/PaNET/PaNET01037,low momentum transfer scattering,,,,,,owl:Class,,,,,,,,low_momentum_transfer_scattering,,,,,,,,,,
1038,http://purl.org/pan-science/PaNET/PaNET01038,ultra low momentum transfer scattering,,,,,,owl:Class,,,,,,,,ultra_low_momentum_transfer_scattering,,,,,,,,,,
1039,http://purl.org/pan-science/PaNET/PaNET01039,low surface momentum transfer scattering,,,,,,owl:Class,,,,,,,,low_surface_momentum_transfer_scattering,,,,,,,,,,
1040,http://purl.org/pan-science/PaNET/PaNET01040,high momentum transfer resolution scattering,,,,,,owl:Class,,,,,,,,high_momentum_transfer_resolution_scattering,,,,,,,,,,
1041,http://purl.org/pan-science/PaNET/PaNET01041,coherent emission technique,,,,,,owl:Class,,,,,,,,coherent_emission_technique,,,,,,,,,,
1042,http://purl.org/pan-science/PaNET/PaNET01042,high energy resolution emission technique,,,,,,owl:Class,,,,,,,,high_energy_resolution_emission_technique,,,,,,,,,,
1043,http://purl.org/pan-science/PaNET/PaNET01043,photon emission technique,,,,,,owl:Class,,,,,,,,photon_emission_technique,,,,,,,,,,
1044,http://purl.org/pan-science/PaNET/PaNET01044,visible photon emission technique,,,,,,owl:Class,,,,,,,,visible_photon_emission_technique,,,,,,,,,,
1045,http://purl.org/pan-science/PaNET/PaNET01045,x-ray emission technique,,,,,,owl:Class,,,,,,,,x-ray_emission_technique,,,,,,,,,,
1046,http://purl.org/pan-science/PaNET/PaNET01046,gamma-ray emission technique,,,,,,owl:Class,,,,,,,,gamma-ray_emission_technique,,,,,,,,,,
1047,http://purl.org/pan-science/PaNET/PaNET01047,electron emission technique,,,,,https://en.wikipedia.org/wiki/Electron_emission,owl:Class,,,,,,,,electron_emission_technique,,,,,,,,,,
1048,http://purl.org/pan-science/PaNET/PaNET01048,ion emission technique,,,,,,owl:Class,,,,,,,,ion_emission_technique,,,,,,,,,,
1049,http://purl.org/pan-science/PaNET/PaNET01049,resonant scattering,,,,,,owl:Class,,,,,,,,,,,('resonance phenomenon' and 'scattering technique'),,,,,,,
1050,http://purl.org/pan-science/PaNET/PaNET01050,nuclear resonance,,,,,,owl:Class,,,,,,,,nuclear_resonance,,,,,,,,,,
1051,http://purl.org/pan-science/PaNET/PaNET01051,muon spin resonance,,MuSR,,,https://en.wikipedia.org/wiki/Muon_spin_spectroscopy,owl:Class,,,,,,,,muon_spin_resonance,,,,,,,,,,
1052,http://purl.org/pan-science/PaNET/PaNET01052,spin echo technique,,,,,https://en.wikipedia.org/wiki/Spin_echo,owl:Class,,,,,,,,spin_echo_technique,,,,,,,,,,
1053,http://purl.org/pan-science/PaNET/PaNET01053,electronic excitation,,,,,,owl:Class,,,,,,,,electronic_excitation,,,,,,,,,,
1054,http://purl.org/pan-science/PaNET/PaNET01054,atomic core excitation,,,,,,owl:Class,,,,,,,,atomic_core_excitation,,,,,,,,,,
1055,http://purl.org/pan-science/PaNET/PaNET01055,photo excitation,,,,,,owl:Class,,,,,,,,photo_excitation,,,,,,,,,,
1056,http://purl.org/pan-science/PaNET/PaNET01056,versus incident energy,,,,,,owl:Class,,,,,,,,,versus_incident_energy,,,,,,,,,
1057,http://purl.org/pan-science/PaNET/PaNET01057,versus emitted energy,,,,,,owl:Class,,,,,,,,,versus_emitted_energy,,,,,,,,,
1058,http://purl.org/pan-science/PaNET/PaNET01058,versus emission momentum,,,,,,owl:Class,,,,,,,,,versus_emission_momentum,,,,,,,,,
1059,http://purl.org/pan-science/PaNET/PaNET01059,versus energy loss,,,,,,owl:Class,,,,,,,,,versus_energy_loss,,,,,,,,,
1060,http://purl.org/pan-science/PaNET/PaNET01060,versus emitted polarization,,,,,,owl:Class,,,,,,,,,versus_emitted_polarization,,,,,,,,,
1061,http://purl.org/pan-science/PaNET/PaNET01061,versus photon linear polarization,,,,,,owl:Class,subclass,versus polarization,photon probe,,,,,,,,,,,,,,,
1062,http://purl.org/pan-science/PaNET/PaNET01062,versus photon circular polarization,,,,,,owl:Class,subclass,versus polarization,photon probe,,,,,,,,,,,,,,,
1063,http://purl.org/pan-science/PaNET/PaNET01063,versus time ultrafast,,,,,,owl:Class,,,,,,,,,versus_time_ultrafast,,,,,,,,,
1064,http://purl.org/pan-science/PaNET/PaNET01064,versus sample temperature,,,,,,owl:Class,,,,,,,,,versus_sample_temperature,,,,,,,,,
1065,http://purl.org/pan-science/PaNET/PaNET01065,versus sample pressure,,,,,,owl:Class,,,,,,,,,versus_sample_pressure,,,,,,,,,
1066,http://purl.org/pan-science/PaNET/PaNET01066,versus sample magnetic field,,,,,,owl:Class,,,,,,,,,versus_sample_magnetic_field,,,,,,,,,
1067,http://purl.org/pan-science/PaNET/PaNET01067,versus sample electric field,,,,,,owl:Class,,,,,,,,,versus_sample_electric_field,,,,,,,,,
1068,http://purl.org/pan-science/PaNET/PaNET01068,obtain high resolution spatial map,,,,,,owl:Class,,,,,,,,,,obtain_high_resolution_spatial_map,,,,,,,,
1069,http://purl.org/pan-science/PaNET/PaNET01069,microscopy,,,,,https://en.wikipedia.org/wiki/Microscopy,owl:Class,,,,,,,,,,,('obtain high resolution spatial map' and 'imaging'),,,,,,,
1070,http://purl.org/pan-science/PaNET/PaNET01070,obtain ultrahigh resolution spatial map,,,,,,owl:Class,,,,,,,,,,,('obtain high resolution spatial map' and 'microscopy'),,,,,,,
1071,http://purl.org/pan-science/PaNET/PaNET01071,obtain 3D spatial map,,,,,,owl:Class,,,,,,,,,,obtain_3D_spatial_map,,,,,,,,
1072,http://purl.org/pan-science/PaNET/PaNET01072,obtain electronic density of states,,,,,https://en.wikipedia.org/wiki/Density_of_states,owl:Class,,,,,,,,,,obtain_electronic_density_of_states,,,,,,,,
1073,http://purl.org/pan-science/PaNET/PaNET01073,obtain electronic density of occupied states,,,,,,owl:Class,,,,,,,,,,obtain_electronic_density_of_occupied_states,,,,,,,,
1074,http://purl.org/pan-science/PaNET/PaNET01074,obtain electronic density of unoccupied states,,,,,,owl:Class,,,,,,,,,,obtain_electronic_density_of_unoccupied_states,,,,,,,,
1075,http://purl.org/pan-science/PaNET/PaNET01075,obtain electronic band structure,,,,,https://en.wikipedia.org/wiki/Electronic_band_structure,owl:Class,,,,,,,,,,obtain_electronic_band_structure,,,,,,,,
1076,http://purl.org/pan-science/PaNET/PaNET01076,obtain atomic tensor properties,,,,,,owl:Class,,,,,,,,,,obtain_atomic_tensor_properties,,,,,,,,
1077,http://purl.org/pan-science/PaNET/PaNET01077,obtain magnetic vector,,,,,,owl:Class,,,,,,,,,,obtain_magnetic_vector,,,,,,,,
1078,http://purl.org/pan-science/PaNET/PaNET01078,obtain charge quadrupole,,,,,,owl:Class,,,,,,,,,,obtain_charge_quadrupole,,,,,,,,
1079,http://purl.org/pan-science/PaNET/PaNET01079,obtain atomic magnetic structure,,,,,https://en.wikipedia.org/wiki/Magnetic_structure,owl:Class,,,,,,,,,,obtain_atomic_magnetic_structure,,,,,,,,
1080,http://purl.org/pan-science/PaNET/PaNET01080,obtain charge density,,,,,,owl:Class,,,,,,,,,,obtain_charge_density,,,,,,,,
1081,http://purl.org/pan-science/PaNET/PaNET01081,obtain magnetic density,,,,,,owl:Class,,,,,,,,,,obtain_magnetic_density,,,,,,,,
1082,http://purl.org/pan-science/PaNET/PaNET01082,crystallography,,obtain crystal structure,,,https://en.wikipedia.org/wiki/Crystallography,owl:Class,,,,,,,,,,crystallography_,,,,,,,,
1083,http://purl.org/pan-science/PaNET/PaNET01083,obtain local coordination,,,,,https://en.wikipedia.org/wiki/Crystal_structure#Atomic_coordination,owl:Class,,,,,,,,,,obtain_local_coordination,,,,,,,,
1084,http://purl.org/pan-science/PaNET/PaNET01084,time dependent study,,time resolved study,,,,owl:Class,,,,,,,,,time_dependent_study,,,,,,,,,
1085,http://purl.org/pan-science/PaNET/PaNET01085,characterize electronic excitations,,,,,,owl:Class,,,,,,,,,,characterize_electronic_excitations,,,,,,,,
1086,http://purl.org/pan-science/PaNET/PaNET01086,characterize magnetic excitations,,,,,,owl:Class,,,,,,,,,,characterize_magnetic_excitations,,,,,,,,
1087,http://purl.org/pan-science/PaNET/PaNET01087,characterize lattice excitations,,,,,,owl:Class,,,,,,,,,,characterize_lattice_excitations,,,,,,,,
1088,http://purl.org/pan-science/PaNET/PaNET01088,absorption contrast imaging,,,,Absorption Contrast Imaging,,owl:Class,,,,,,,,,,,('absorption technique' and 'imaging'),,,,,,,
1089,http://purl.org/pan-science/PaNET/PaNET01089,angle resolved photoemission spectroscopy,,ARPES,,Angle resolved photoemission spectroscopy,https://en.wikipedia.org/wiki/Angle-resolved_photoemission_spectroscopy,owl:Class,,,,,,,,,,,('photoelectron emission' and 'versus emission momentum' and 'obtain electronic band structure'),,,,,,,
1090,http://purl.org/pan-science/PaNET/PaNET01090,dichroism,,,,Any technique that depends essentially on probe polarization,,owl:Class,subclass, versus polarization,photon probe,,,,,,,,,,,,,,,
1091,http://purl.org/pan-science/PaNET/PaNET01091,dichroism spectroscopy,,,,,,owl:Class,,,,,,,,,,,('dichroism' and 'spectroscopy'),,,,,,,
1092,http://purl.org/pan-science/PaNET/PaNET01092,emission spectroscopy,,,,,,owl:Class,,,,,,,,,,,('emission technique' and 'versus emitted energy'),,,,,,,
1093,http://purl.org/pan-science/PaNET/PaNET01093,photoemission spectroscopy,,,,,https://en.wikipedia.org/wiki/Photoemission_spectroscopy,owl:Class,,,,,,,,,,,('emission spectroscopy' and 'photoelectron emission'),,,,,,,
1094,http://purl.org/pan-science/PaNET/PaNET01094,fluorescence luminescence,,,,,,owl:Class,,,,,,,,fluorescence_luminescence,,,,,,,,,,
1095,http://purl.org/pan-science/PaNET/PaNET01095,x-ray fluorescence spectroscopy,,,,,,owl:Class,,,,,,,,,,,('x-ray probe' and 'x-ray emission technique' and 'versus incident energy'),,,,,,,
1096,http://purl.org/pan-science/PaNET/PaNET01096,fluorescence tomography,,,,,,owl:Class,,,,,,,,,,,('photon emission technique' and 'tomography'),,,,,,,
1097,http://purl.org/pan-science/PaNET/PaNET01097,gamma spectroscopy,,,,,https://en.wikipedia.org/wiki/Gamma_spectroscopy,owl:Class,,,,,,,,,,,('gamma-ray emission technique' and 'spectroscopy'),,,,,,,
1098,http://purl.org/pan-science/PaNET/PaNET01098,grazing incidence diffraction,,,,,https://en.wikipedia.org/wiki/Grazing_incidence_diffraction,owl:Class,,,,,,,,grazing_incidence_diffraction,,,,,,,,,,
1099,http://purl.org/pan-science/PaNET/PaNET01099,grazing incidence small angle scattering,,GISAS,grazing incidence SAS,,https://en.wikipedia.org/wiki/Grazing-incidence_small-angle_scattering,owl:Class,,,,,,,,,,,('grazing incidence diffraction' and 'small angle scattering'),,,,,,,
1100,http://purl.org/pan-science/PaNET/PaNET01100,neutron powder diffraction,,NPD,,A neutron powder diffraction technique,,owl:Class,,,,,,,,,,,('powder diffraction' and 'neutron diffraction'),,,,,,,
1101,http://purl.org/pan-science/PaNET/PaNET01101,x-ray powder diffraction,,XPD,,,,owl:Class,,,,,,,,,,,('powder diffraction' and 'x-ray probe'),,,,,,,
1102,http://purl.org/pan-science/PaNET/PaNET01102,x-ray single crystal diffraction,,single crystal x-ray diffraction,SXRD,,,owl:Class,,,,,,,,,,,('x-ray probe' and 'single crystal diffraction'),,,,,,,
1103,http://purl.org/pan-science/PaNET/PaNET01103,hard x-ray photoelectron spectroscopy,,HAXPES,hard photoelectron spectroscopy,,,owl:Class,,,,,,,,,,,('hard x-ray probe' and 'photoelectron spectroscopy'),,,,,,,
1104,http://purl.org/pan-science/PaNET/PaNET01104,high resolution photoelectron spectroscopy,,,,,,owl:Class,,,,,,,,,,,('spectroscopy' and 'photoelectron emission' and 'versus emitted energy' and 'high energy resolution emission technique'),,,,,,,
1105,http://purl.org/pan-science/PaNET/PaNET01105,holography,,,,,https://en.wikipedia.org/wiki/Holography,owl:Class,,,,,,,,,,,('reference beam' and 'imaging'),,,,,,,
1106,http://purl.org/pan-science/PaNET/PaNET01106,imaging,,,,,,owl:Class,,,,,,,,,,,,obtain spatial map,,,,,,
1107,http://purl.org/pan-science/PaNET/PaNET01107,inelastic small angle scattering,,inelastic SAS,,,,owl:Class,,,,,,,,,,,('inelastic scattering' and 'small angle scattering'),,,,,,,
1108,http://purl.org/pan-science/PaNET/PaNET01108,inelastic scattering spectroscopy,,,,,,owl:Class,,,,,,,,,,,('inelastic scattering' and 'versus energy loss'),,,,,,,
1109,http://purl.org/pan-science/PaNET/PaNET01109,infrared spectroscopy,,IR spectroscopy,,,https://en.wikipedia.org/wiki/Infrared_spectroscopy,owl:Class,,,,,,,,,,,('IR photon probe' and 'spectroscopy'),,,,,,,
1110,http://purl.org/pan-science/PaNET/PaNET01110,infrared microspectroscopy,,,,,,owl:Class,,,,,,,,,,,('infrared spectroscopy' and 'microscopy'),,,,,,,
1111,http://purl.org/pan-science/PaNET/PaNET01111,luminescence,,,,,https://en.wikipedia.org/wiki/Luminescence,owl:Class,,,,,,,,luminescence_,,,,,,,,,,
1112,http://purl.org/pan-science/PaNET/PaNET01112,fluorescence imaging,,,,,,owl:Class,,,,,,,,,,,('photon emission technique' and 'imaging'),,,,,,,
1113,http://purl.org/pan-science/PaNET/PaNET01113,fluorescence microscopy,,microfluorescence,Micro XRF,,,owl:Class,,,,,,,,,,,('fluorescence imaging' and 'microscopy'),,,,,,,
1114,http://purl.org/pan-science/PaNET/PaNET01114,muon spectroscopy,,,,,https://en.wikipedia.org/wiki/Muon_spin_spectroscopy,owl:Class,,,,,,,,,,,('muon probe' and 'muon spin resonance' and 'versus time' and 'obtain internal field'),,,,,,,
1115,http://purl.org/pan-science/PaNET/PaNET01115,optical spectroscopy,,,,,,owl:Class,,,,,,,,,,,('visible photon probe' and 'versus energy'),,,,,,,
1116,http://purl.org/pan-science/PaNET/PaNET01116,phase contrast imaging,,,,,https://en.wikipedia.org/wiki/Phase-contrast_imaging,owl:Class,,,,,,,,,,,('refraction technique' and 'imaging'),,,,,,,
1117,http://purl.org/pan-science/PaNET/PaNET01117,photon correlation spectroscopy,,PCS,,,https://en.wikipedia.org/wiki/Dynamic_light_scattering,owl:Class,,,,,,,,,,,('coherent diffraction' and 'versus momentum transfer' and 'versus time'),,,,,,,
1118,http://purl.org/pan-science/PaNET/PaNET01118,polarised reflectivity,,,,,,owl:Class,,,,,,,,,,,('reflection technique' and 'versus momentum transfer' and 'versus polarization'),,,,,,,
1119,http://purl.org/pan-science/PaNET/PaNET01119,spin echo  scattering,,,,,,owl:Class,,,,,,,,,,,('neutron probe' and 'spin echo technique'),,,,,,,
1120,http://purl.org/pan-science/PaNET/PaNET01120,quasielastic neutron spin echo scattering,,quasi elastic spin echo,quasielastic spin echo,,,owl:Class,,,,,,,,,,,('spin echo  scattering' and 'quasielastic scattering'),,,,,,,
1121,http://purl.org/pan-science/PaNET/PaNET01121,reflectometry,,reflectivity,,,https://en.wikipedia.org/wiki/Reflectometry,owl:Class,,,,,,,,,,,('reflection technique' and 'versus momentum transfer'),,,,,,,
1122,http://purl.org/pan-science/PaNET/PaNET01122,resonant diffraction,,anomalous scattering,anomalous diffraction,,,owl:Class,,,,,,,,,,,('diffraction' and 'atomic core excitation' and 'resonant scattering'),,,,,,,
1123,http://purl.org/pan-science/PaNET/PaNET01123,scanning transmission microscopy,,STM,,,,owl:Class,,,,,,,,,,,('absorption technique' and 'versus position' and 'scanning probe' and 'microscopy'),,,,,,,
1124,http://purl.org/pan-science/PaNET/PaNET01124,small angle scattering,,SAS,small angle diffraction,,https://en.wikipedia.org/wiki/Small-angle_scattering,owl:Class,,,,,,,,small_angle_scattering,,,,,,,,,,
1125,http://purl.org/pan-science/PaNET/PaNET01125,spectroscopy,,,,,https://en.wikipedia.org/wiki/Spectroscopy,owl:Class,,,,,,,,,spectroscopy_,,,,,,,,,
1126,http://purl.org/pan-science/PaNET/PaNET01126,spin echo resolved grazing incidence scattering,,,,,,owl:Class,,,,,,,,,,,('spin echo  scattering' and 'low surface momentum transfer scattering'),,,,,,,
1127,http://purl.org/pan-science/PaNET/PaNET01127,spin echo small angle scattering,,spin echo SANS,,,,owl:Class,,,,,,,,,,,('spin echo  scattering' and 'small angle scattering'),,,,,,,
1128,http://purl.org/pan-science/PaNET/PaNET01128,surface diffraction,,,,,,owl:Class,subclass,atomic scale diffraction 2D surface or film,,,,,,,,,,,,,,,,
1129,http://purl.org/pan-science/PaNET/PaNET01129,tomography,,,,,https://en.wikipedia.org/wiki/Tomography,owl:Class,,,,,,,,,,tomography_,,,,,,,,
1130,http://purl.org/pan-science/PaNET/PaNET01130,UV VUV spectroscopy,,,,,,owl:Class,,,,,,,,,,,('UV photon probe' and 'spectroscopy'),,,,,,,
1131,http://purl.org/pan-science/PaNET/PaNET01131,UV and visible circular dichroism spectroscopy,,,,,,owl:Class,,,,,,,,,,,('UV visible photon probe' and 'dichroism spectroscopy'),,,,,,,
1132,http://purl.org/pan-science/PaNET/PaNET01132,UV circular dichroism,,UVCD,,,,owl:Class,,,,,,,,,,,('circular dichroism' and 'UV photon probe'),,,,,,,
1133,http://purl.org/pan-science/PaNET/PaNET01133,ultra small angle scattering,,USAS,,,,owl:Class,,,,,,,,,,,('ultra low momentum transfer scattering' and 'small angle scattering'),,,,,,,
1134,http://purl.org/pan-science/PaNET/PaNET01134,wide angle scattering,,,,,,owl:Class,,,,,,,,wide_angle_scattering,,,,,,,,,,
1135,http://purl.org/pan-science/PaNET/PaNET01135,absorption spectroscopy,,,,,,owl:Class,,,,,,,,,,,('absorption technique' and 'spectroscopy'),,,,,,,
1136,http://purl.org/pan-science/PaNET/PaNET01136,diffraction imaging,,topography,,,,owl:Class,,,,,,,,,,,('diffraction' and 'imaging'),,,,,,,
1137,http://purl.org/pan-science/PaNET/PaNET01137,x-ray magnetic circular dichroism,,XMCD,,,https://en.wikipedia.org/wiki/X-ray_magnetic_circular_dichroism,owl:Class,,,,,,,,,,,('x-ray probe' and 'versus photon circular polarization' and 'absorption technique' and 'magnetism technique'),,,,,,,
1138,http://purl.org/pan-science/PaNET/PaNET01138,linear dichroism,,LD,,,https://en.wikipedia.org/wiki/Linear_dichroism,owl:Class,,,,,,,,,,,('absorption technique' and 'versus photon linear polarization' and 'dichroism'),,,,,,,
1139,http://purl.org/pan-science/PaNET/PaNET01139,natural linear dichroism,,,,,,owl:Class,subclass,linear dichroism,,,,,,,,,,,,,,,,
1140,http://purl.org/pan-science/PaNET/PaNET01140,x-ray excited optical luminescence,,XEOL,,,,owl:Class,,,,,,,,,,,('x-ray probe' and 'visible photon emission technique'),,,,,,,
1141,http://purl.org/pan-science/PaNET/PaNET01141,magnetic circular dichroism,,MCD,,,https://en.wikipedia.org/wiki/Magnetic_circular_dichroism,owl:Class,,,,,,,,,,,('photon probe' and 'versus photon circular polarization' and 'magnetism technique' and 'absorption technique'),,,,,,,
1142,http://purl.org/pan-science/PaNET/PaNET01142,magnetic linear dichroism,,,,,,owl:Class,,,,,,,,,,,('photon probe' and 'versus photon linear polarization' and 'magnetism technique' and 'absorption technique'),,,,,,,
1143,http://purl.org/pan-science/PaNET/PaNET01143,magnetochiral dichroism,,MChD,,,,owl:Class,,,,,,,,,,,('photon probe' and 'versus polarization' and 'chiral determination' and 'magnetism technique'),,,,,,,
1144,http://purl.org/pan-science/PaNET/PaNET01144,natural circular dichroism,,NCD,,,,owl:Class,,,,,,,,,,,('photon probe' and 'versus photon circular polarization' and 'chiral determination' and 'dichroism'),,,,,,,
1145,http://purl.org/pan-science/PaNET/PaNET01145,electron microscopy,,EM,,,https://en.wikipedia.org/wiki/Electron_microscope,owl:Class,,,,,,,,,,,('electron emission technique' and 'microscopy'),,,,,,,
1146,http://purl.org/pan-science/PaNET/PaNET01146,photoemission electron microscopy,,PEEM,photoelectron emission microscopy,,https://en.wikipedia.org/wiki/Photoemission_electron_microscopy,owl:Class,,,,,,,,,,,('photon probe' and 'electron microscopy'),,,,,,,
1147,http://purl.org/pan-science/PaNET/PaNET01147,scanning probe imaging,,,,,,owl:Class,,,,,,,,,,,('versus position' and 'scanning probe' and 'imaging'),,,,,,,
1148,http://purl.org/pan-science/PaNET/PaNET01148,scanning probe microscopy,,scanning microscopy,,,,owl:Class,,,,,,,,,,,('scanning probe imaging' and 'microscopy'),,,,,,,
1149,http://purl.org/pan-science/PaNET/PaNET01149,x-ray reflectivity,,XRR,x-ray reflectometry,,https://en.wikipedia.org/wiki/X-ray_reflectivity,owl:Class,,,,,,,,,,,('x-ray probe' and 'reflection technique' and 'versus momentum transfer'),,,,,,,
1150,http://purl.org/pan-science/PaNET/PaNET01150,grating interferometry,,,,,,owl:Class,,,,,,,,,,,('interferometry technique' and 'refraction technique' and 'propagation technique'),,,,,,,
1151,http://purl.org/pan-science/PaNET/PaNET01151,absorption tomography,,,,,,owl:Class,,,,,,,,,,,('tomography' and 'absorption technique'),,,,,,,
1152,http://purl.org/pan-science/PaNET/PaNET01152,propagation phase contrast tomography,,,,,,owl:Class,,,,,,,,,,,('propagation technique' and 'tomography' and 'refraction technique'),,,,,,,
1153,http://purl.org/pan-science/PaNET/PaNET01153,ultrafast tomography,,,,,,owl:Class,,,,,,,,,,,('tomography' and 'versus time ultrafast'),,,,,,,
1154,http://purl.org/pan-science/PaNET/PaNET01154,nanotomography,,,,,https://en.wikipedia.org/wiki/Nanotomography,owl:Class,,,,,,,,,,,('tomography' and 'obtain ultrahigh resolution spatial map'),,,,,,,
1155,http://purl.org/pan-science/PaNET/PaNET01155,absorption and phase contrast nanotomography,,,,,,owl:Class,,,,,,,,,,,('nanotomography' and 'absorption technique' and 'refraction technique'),,,,,,,
1156,http://purl.org/pan-science/PaNET/PaNET01156,x-ray spectroscopy,,,,,https://en.wikipedia.org/wiki/X-ray_spectroscopy,owl:Class,,,,,,,,,,,('spectroscopy' and 'x-ray probe'),,,,,,,
1157,http://purl.org/pan-science/PaNET/PaNET01157,in-situ diffraction,,,,,,owl:Class,,,,,,,,in-situ_diffraction,,,,,,,,,,
1158,http://purl.org/pan-science/PaNET/PaNET01158,in-situ surface diffraction,,,,,,owl:Class,,,,,,,,,,,('surface diffraction' and 'in-situ diffraction'),,,,,,,
1159,http://purl.org/pan-science/PaNET/PaNET01159,energy dispersive diffraction,,EDD,,,,owl:Class,,,,,,,,,,,('powder diffraction' and 'dispersive technique'),,,,,,,
1160,http://purl.org/pan-science/PaNET/PaNET01160,energy dispersive x-ray diffraction,,EDXRD,,,https://en.wikipedia.org/wiki/Energy-dispersive_X-ray_diffraction,owl:Class,,,,,,,,,,,('energy dispersive diffraction' and 'x-ray probe'),,,,,,,
1161,http://purl.org/pan-science/PaNET/PaNET01161,grazing incidence x-ray diffraction,,GIXD,,,,owl:Class,,,,,,,,,,,('grazing incidence diffraction' and 'x-ray probe'),,,,,,,
1162,http://purl.org/pan-science/PaNET/PaNET01162,grazing incidence small angle x-ray scattering,,GISAXS,,,https://en.wikipedia.org/wiki/Grazing-incidence_small-angle_scattering,owl:Class,,,,,,,,,,,('grazing incidence small angle scattering' and 'small angle x-ray scattering'),,,,,,,
1163,http://purl.org/pan-science/PaNET/PaNET01163,high pressure single crystal diffraction,,Diffraction,,,,owl:Class,,,,,,,,,,,('single crystal diffraction' and 'versus sample pressure'),,,,,,,
1164,http://purl.org/pan-science/PaNET/PaNET01164,macromolecular crystallography,,MX,protein crystallography,,,owl:Class,,,,,,,,,,,('single crystal diffraction' and 'crystallography'),,,,,,,
1165,http://purl.org/pan-science/PaNET/PaNET01165,multi wavelength anomalous diffraction,,MAD,multi wavelength anomalous dispersion,,https://en.wikipedia.org/wiki/Multi-wavelength_anomalous_dispersion,owl:Class,,,,,,,,,,,('macromolecular crystallography' and 'versus energy' and 'atomic core excitation' and 'x-ray probe'),,,,,,,
1166,http://purl.org/pan-science/PaNET/PaNET01166,photo crystallography,,,,,,owl:Class,,,,,,,,,,,('single crystal diffraction' and 'photo excitation' and 'crystallography'),,,,,,,
1167,http://purl.org/pan-science/PaNET/PaNET01167,photoelectron diffraction,,PhD,,,,owl:Class,,,,,,,,,,,('electron emission technique' and 'coherent emission technique' and 'x-ray probe'),,,,,,,
1168,http://purl.org/pan-science/PaNET/PaNET01168,serial femtosecond crystallography,,SFX,,,https://en.wikipedia.org/wiki/Serial_femtosecond_crystallography,owl:Class,,,,,,,,,,,('x-ray single crystal diffraction' and 'ultrafast probe' and 'crystallography' and 'single shot technique'),,,,,,,
1169,http://purl.org/pan-science/PaNET/PaNET01169,serial synchrotron crystallography,,SSX,,,,owl:Class,,,,,,,,,,,('x-ray single crystal diffraction' and 'pulsed probe' and 'crystallography' and 'single shot technique'),,,,,,,
1170,http://purl.org/pan-science/PaNET/PaNET01170,single wavelength anomalous diffraction,,SAD,single wavelength anomalous dispersion,,https://en.wikipedia.org/wiki/Single-wavelength_anomalous_dispersion,owl:Class,,,,,,,,,,,('macromolecular crystallography' and 'atomic core excitation'),,,,,,,
1171,http://purl.org/pan-science/PaNET/PaNET01171,small molecule diffraction,,small molecule crystallography,chemical crystallography,,,owl:Class,subclass,single crystal diffraction,,,,,,,,,,,,,,,,
1172,http://purl.org/pan-science/PaNET/PaNET01172,surface x-ray diffraction,,,,,,owl:Class,,,,,,,,,,,('surface diffraction' and 'x-ray probe'),,,,,,,
1173,http://purl.org/pan-science/PaNET/PaNET01173,x-ray standing wave,,XSW,,,https://en.wikipedia.org/wiki/X-ray_standing_waves,owl:Class,,,,,,,,,,,('diffraction' and 'absorption technique' and 'x-ray probe' and 'obtain atomic structure'),,,,,,,
1174,http://purl.org/pan-science/PaNET/PaNET01174,coherent diffraction imaging,,CDI,coherent diffractive imaging,,https://en.wikipedia.org/wiki/Coherent_diffraction_imaging,owl:Class,,,,,,,,,,,('coherent diffraction' and 'imaging'),,,,,,,
1175,http://purl.org/pan-science/PaNET/PaNET01175,infrared nanospectroscopy imaging,,nano infrared spectroscopy,,,,owl:Class,,,,,,,,,,,('IR photon probe' and 'spectroscopy' and 'obtain ultrahigh resolution spatial map'),,,,,,,
1176,http://purl.org/pan-science/PaNET/PaNET01176,UV circular dichroism imaging,,,,,,owl:Class,,,,,,,,,,,('natural circular dichroism' and 'UV photon probe' and 'obtain spatial map'),,,,,,,
1177,http://purl.org/pan-science/PaNET/PaNET01177,x-ray fluorescence,,XRF,,,https://en.wikipedia.org/wiki/X-ray_fluorescence,owl:Class,,,,,,,,x-ray_fluorescence,,,,,,,,,,
1178,http://purl.org/pan-science/PaNET/PaNET01178,infrared microscopy,,IR microscopy,,,https://en.wikipedia.org/wiki/Microscopy#Infrared_microscopy,owl:Class,,,,,,,,,,,('IR photon probe' and 'microscopy'),,,,,,,
1179,http://purl.org/pan-science/PaNET/PaNET01179,optical microscopy,,,,,https://en.wikipedia.org/wiki/Optical_microscope,owl:Class,,,,,,,,,,,('visible photon probe' and 'microscopy'),,,,,,,
1180,http://purl.org/pan-science/PaNET/PaNET01180,x-ray microscopy,,,,,https://en.wikipedia.org/wiki/X-ray_microscope,owl:Class,,,,,,,,,,,('x-ray probe' and 'microscopy'),,,,,,,
1181,http://purl.org/pan-science/PaNET/PaNET01181,pair distribution function,,PDF,,,https://en.wikipedia.org/wiki/Pair_distribution_function,owl:Class,,,,,,,,,,,('diffraction' and 'obtain local coordination'),,,,,,,
1182,http://purl.org/pan-science/PaNET/PaNET01182,inelastic x-ray scattering,,IXS,,,https://en.wikipedia.org/wiki/X-ray_scattering_techniques#Inelastic_X-ray_scattering_(IXS),owl:Class,,,,,,,,,,,('inelastic scattering' and 'x-ray probe'),,,,,,,
1183,http://purl.org/pan-science/PaNET/PaNET01183,resonant inelastic x-ray scattering,,RIXS,,,https://en.wikipedia.org/wiki/Resonant_inelastic_X-ray_scattering,owl:Class,,,,,,,,,,,('inelastic x-ray scattering' and 'atomic core excitation' and 'resonant scattering'),,,,,,,
1184,http://purl.org/pan-science/PaNET/PaNET01184,x-ray scattering,,,,,,owl:Class,,,,,,,,,,,('scattering technique' and 'x-ray probe'),,,,,,,
1185,http://purl.org/pan-science/PaNET/PaNET01185,light scattering,,,,,,owl:Class,,,,,,,,,,,('scattering technique' and 'visible photon probe'),,,,,,,
1186,http://purl.org/pan-science/PaNET/PaNET01186,resonant x-ray scattering,,RXS,,,,owl:Class,,,,,,,,,,,('x-ray scattering' and 'atomic core excitation' and 'resonant scattering'),,,,,,,
1187,http://purl.org/pan-science/PaNET/PaNET01187,resonant soft x-ray scattering,,RSXS,,,,owl:Class,,,,,,,,,,,('soft x-ray probe' and 'resonant x-ray scattering' and 'resonant scattering'),,,,,,,
1188,http://purl.org/pan-science/PaNET/PaNET01188,small angle x-ray scattering,,SAXS,,,https://en.wikipedia.org/wiki/Small-angle_X-ray_scattering,owl:Class,,,,,,,,,,,('small angle scattering' and 'x-ray probe'),,,,,,,
1189,http://purl.org/pan-science/PaNET/PaNET01189,small angle neutron scattering,,SANS,,,https://en.wikipedia.org/wiki/Small-angle_neutron_scattering,owl:Class,,,,,,,,,,,('small angle scattering' and 'neutron diffraction'),,,,,,,
1190,http://purl.org/pan-science/PaNET/PaNET01190,total scattering,,,,,,owl:Class,,,,,,,,,,,('atomic scale diffraction' and 'pair distribution function'),,,,,,,
1191,http://purl.org/pan-science/PaNET/PaNET01191,wide angle x-ray scattering,,WAXS,,,,owl:Class,,,,,,,,,,,('high momentum transfer scattering' and 'x-ray probe' and 'atomic scale diffraction'),,,,,,,
1192,http://purl.org/pan-science/PaNET/PaNET01192,circular dichroism,,CD,,,https://en.wikipedia.org/wiki/Circular_dichroism,owl:Class,,,,,,,,,,,('versus photon circular polarization' and 'dichroism'),,,,,,,
1193,http://purl.org/pan-science/PaNET/PaNET01193,energy dispersive x-ray spectroscopy,,EDX,,,https://en.wikipedia.org/wiki/Energy-dispersive_X-ray_spectroscopy,owl:Class,,,,,,,,,,,('dispersive technique' and 'x-ray probe' and 'spectroscopy' and 'atomic core excitation'),,,,,,,
1194,http://purl.org/pan-science/PaNET/PaNET01194,microfocus spectroscopy,,,,,,owl:Class,,,,,,,,,,,('microfocussed probe' and 'spectroscopy'),,,,,,,
1195,http://purl.org/pan-science/PaNET/PaNET01195,raman spectroscopy,,,,,https://en.wikipedia.org/wiki/Raman_spectroscopy,owl:Class,,,,,,,,,,,('inelastic scattering' and 'photon probe'),,,,,,,
1196,http://purl.org/pan-science/PaNET/PaNET01196,x-ray absorption spectroscopy,,XAS,,,https://en.wikipedia.org/wiki/X-ray_absorption_spectroscopy,owl:Class,,,,,,,,,,,('absorption spectroscopy' and 'x-ray absorption' and 'atomic core excitation'),,,,,,,
1197,http://purl.org/pan-science/PaNET/PaNET01197,x-ray absorption fine structure,,XAFS,,,https://en.wikipedia.org/wiki/X-ray_absorption_fine_structure,owl:Class,,,,,,,,,,,('x-ray absorption spectroscopy' and 'atomic core excitation'),,,,,,,
1198,http://purl.org/pan-science/PaNET/PaNET01198,extended x-ray absorption fine structure,,EXAFS,,,https://en.wikipedia.org/wiki/Extended_X-ray_absorption_fine_structure,owl:Class,,,,,,,,,,,('x-ray absorption fine structure' and 'obtain local coordination'),,,,,,,
1199,http://purl.org/pan-science/PaNET/PaNET01199,x-ray absorption near edge structure,,XANES,NEXAFS,,https://en.wikipedia.org/wiki/X-ray_absorption_near_edge_structure,owl:Class,,,,,,,,,,,('x-ray absorption fine structure' and 'obtain electronic ground state properties'),,,,,,,
1200,http://purl.org/pan-science/PaNET/PaNET01200,x-ray emission spectroscopy,,XES,,,https://en.wikipedia.org/wiki/X-ray_emission_spectroscopy,owl:Class,,,,,,,,,,,('inelastic scattering' and 'x-ray probe' and 'photon emission technique' and 'spectroscopy'),,,,,,,
1201,http://purl.org/pan-science/PaNET/PaNET01201,electron spectroscopy,,,,,https://en.wikipedia.org/wiki/Electron_spectroscopy,owl:Class,,,,,,,,,,,('electron emission technique' and 'spectroscopy'),,,,,,,
1202,http://purl.org/pan-science/PaNET/PaNET01202,photoelectron spectroscopy,,PES,,,https://en.wikipedia.org/wiki/Photoemission_spectroscopy,owl:Class,,,,,,,,,,,('electron spectroscopy' and 'photon probe' and 'obtain electronic density of occupied states'),,,,,,,
1203,http://purl.org/pan-science/PaNET/PaNET01203,spin resolved photoelectron spectroscopy,,,,,,owl:Class,,,,,,,,,,,('photoelectron spectroscopy' and 'versus emitted polarization'),,,,,,,
1204,http://purl.org/pan-science/PaNET/PaNET01204,x-ray photoelectron spectroscopy,,XPS,,,https://en.wikipedia.org/wiki/X-ray_photoelectron_spectroscopy,owl:Class,,,,,,,,,,,('x-ray probe' and 'photoelectron spectroscopy'),,,,,,,
1205,http://purl.org/pan-science/PaNET/PaNET01205,x-ray photon correlation spectroscopy,,XPCS,,,https://en.wikipedia.org/wiki/X-ray_Photon_Correlation_Spectroscopy,owl:Class,,,,,,,,,,,('x-ray probe' and 'photon correlation spectroscopy'),,,,,,,
1206,http://purl.org/pan-science/PaNET/PaNET01206,microtomography,,,,,,owl:Class,,,,,,,,,,,('tomography' and 'obtain high resolution spatial map'),,,,,,,
1207,http://purl.org/pan-science/PaNET/PaNET01207,x-ray tomography,,CT scan,,,https://en.wikipedia.org/wiki/CT_scan,owl:Class,,,,,,,,,,,('tomography' and 'x-ray probe'),,,,,,,
1208,http://purl.org/pan-science/PaNET/PaNET01208,x-ray microtomography,,,,,https://en.wikipedia.org/wiki/Talk:X-ray_microtomography,owl:Class,,,,,,,,,,,('microtomography' and 'x-ray probe'),,,,,,,
1209,http://purl.org/pan-science/PaNET/PaNET01209,absorption microtomography,,Absorption-based tomographic microscopy,,,,owl:Class,,,,,,,,,,,('microtomography' and 'absorption technique'),,,,,,,
1210,http://purl.org/pan-science/PaNET/PaNET01210,propagation phase contrast microtomography,,,,,,owl:Class,,,,,,,,,,,('propagation phase contrast tomography' and 'microscopy'),,,,,,,
1211,http://purl.org/pan-science/PaNET/PaNET01211,ultrafast microtomography,,Ultra-fast tomographic microscopy,,,,owl:Class,,,,,,,,,,,('ultrafast tomography' and 'obtain high resolution spatial map'),,,,,,,
1212,http://purl.org/pan-science/PaNET/PaNET01212,ptychography,,,,,https://en.wikipedia.org/wiki/Ptychography,owl:Class,,,,,,,,,,,('coherent diffraction imaging' and 'scanning probe'),,,,,,,
1213,http://purl.org/pan-science/PaNET/PaNET01213,ptychographic nanotomography,,,,,,owl:Class,,,,,,,,,,,('ptychography' and 'nanotomography'),,,,,,,
1214,http://purl.org/pan-science/PaNET/PaNET01214,instrumentation testing,,,,,,owl:Class,,,,,,,,,,instrumentation_testing,,,,,,,,
1215,http://purl.org/pan-science/PaNET/PaNET01215,optics characterization,,,,,,owl:Class,,,,,,,,,,optics_characterization,,,,,,,,
1216,http://purl.org/pan-science/PaNET/PaNET01216,x-ray diffraction,,XRD,,,,owl:Class,,,,,,,,,,,('diffraction' and 'x-ray probe'),,,,,,,
1217,http://purl.org/pan-science/PaNET/PaNET01217,neutron diffraction,,,,,https://en.wikipedia.org/wiki/Neutron_diffraction,owl:Class,,,,,,,,,,,('diffraction' and 'neutron probe'),,,,,,,
1218,http://purl.org/pan-science/PaNET/PaNET01218,ambient pressure x-ray photoelectron spectroscopy,,,,,,owl:Class,subclass,x-ray photoelectron spectroscopy,,,,,,,,,,,,,,,,
1219,http://purl.org/pan-science/PaNET/PaNET01219,scanning transmission x-ray microscopy,,STXM,,,https://en.wikipedia.org/wiki/Scanning_transmission_X-ray_microscopy,owl:Class,,,,,,,,,,,('scanning transmission microscopy' and 'x-ray probe'),,,,,,,
1220,http://purl.org/pan-science/PaNET/PaNET01220,total electron yield,,TEY,,,,owl:Class,,,,,,,,total_electron_yield,,,,,,,,,,
1221,http://purl.org/pan-science/PaNET/PaNET01221,XMCD total electron yield,,XMCD TEY,,,,owl:Class,,,,,,,,,,,('x-ray magnetic circular dichroism' and 'total electron yield'),,,,,,,
1222,http://purl.org/pan-science/PaNET/PaNET01222,spin and angle resolved photoemission spectroscopy,,,,,,owl:Class,,,,,,,,,,,('angle resolved photoemission spectroscopy' and 'versus emitted polarization'),,,,,,,
1223,http://purl.org/pan-science/PaNET/PaNET01223,lithography,,,,,https://en.wikipedia.org/wiki/Lithography,owl:Class,,,,,,,,,,lithography_,,,,,,,,
1224,http://purl.org/pan-science/PaNET/PaNET01224,x-ray lithography,,,,,https://en.wikipedia.org/wiki/X-ray_lithography,owl:Class,,,,,,,,,,,('x-ray probe' and 'lithography'),,,,,,,
1225,http://purl.org/pan-science/PaNET/PaNET01225,EUV lithography,,,,,,owl:Class,,,,,,,,,,,('EUV photon probe' and 'lithography'),,,,,,,
1226,http://purl.org/pan-science/PaNET/PaNET01226,x-ray interference lithography,,,,,,owl:Class,,,,,,,,x-ray_interference_lithography,,,,,,,,,,
1227,http://purl.org/pan-science/PaNET/PaNET01227,x-ray absorption,,,,,,owl:Class,,,,,,,,,,,('absorption technique' and 'x-ray probe'),,,,,,,
1228,http://purl.org/pan-science/PaNET/PaNET01228,nonresonant diffraction,,,,,,owl:Class,,,,,,,,nonresonant_diffraction,,,,,,,,,,
1229,http://purl.org/pan-science/PaNET/PaNET01229,nonlinear x-ray spectroscopy,,,,,,owl:Class,,,,,,,,,,,('nonlinear interaction' and 'x-ray spectroscopy'),,,,,,,
1230,http://purl.org/pan-science/PaNET/PaNET01230,single-shot imaging,,,,,,owl:Class,,,,,,,,,,,('single shot technique' and 'imaging'),,,,,,,
1231,http://purl.org/pan-science/PaNET/PaNET01231,nanoimprint lithography,,,,,https://en.wikipedia.org/wiki/Nanoimprint_lithography,owl:Class,,,,,,,,,,nanoimprint_lithography,,,,,,,,
1232,http://purl.org/pan-science/PaNET/PaNET01232,grayscale lithography,,,,,,owl:Class,,,,,,,,,,grayscale_lithography,,,,,,,,
1233,http://purl.org/pan-science/PaNET/PaNET01233,polymer micro and nanografting,,,,,,owl:Class,,,,,,,,,,polymer_micro_and_nanografting,,,,,,,,
1234,http://purl.org/pan-science/PaNET/PaNET01234,high resolution neutron powder diffraction,,,,,,owl:Class,,,,,,,,,,,('neutron powder diffraction' and 'high momentum transfer resolution scattering'),,,,,,,
1235,http://purl.org/pan-science/PaNET/PaNET01235,high resolution thermal neutron powder diffraction,,,,,,owl:Class,,,,,,,,,,,('high resolution neutron powder diffraction' and 'thermal neutron probe'),,,,,,,
1236,http://purl.org/pan-science/PaNET/PaNET01236,neutron single crystal diffraction,,,,,,owl:Class,,,,,,,,,,,('single crystal diffraction' and 'neutron diffraction'),,,,,,,
1237,http://purl.org/pan-science/PaNET/PaNET01237,thermal neutron single crystal diffraction,,,,,,owl:Class,,,,,,,,,,,('neutron single crystal diffraction' and 'thermal neutron probe'),,,,,,,
1238,http://purl.org/pan-science/PaNET/PaNET01238,pulse overlap diffraction,,,,,,owl:Class,,,,,,,,,,,('x-ray photon correlation spectroscopy' and 'ultrafast probe'),,,,,,,
1239,http://purl.org/pan-science/PaNET/PaNET01239,neutron reflectometry,,neutron reflectivity,,,https://en.wikipedia.org/wiki/Neutron_reflectometry,owl:Class,,,,,,,,,,,('reflectometry' and 'neutron probe'),,,,,,,
1240,http://purl.org/pan-science/PaNET/PaNET01240,ultra small angle neutron scattering,,,,,,owl:Class,,,,,,,,,,,('ultra small angle scattering' and 'neutron probe'),,,,,,,
1241,http://purl.org/pan-science/PaNET/PaNET01241,ultra small angle x-ray scattering,,USAXS,,,,owl:Class,,,,,,,,,,,('ultra small angle scattering' and 'x-ray probe'),,,,,,,
1242,http://purl.org/pan-science/PaNET/PaNET01242,neutron scattering,,,,,https://en.wikipedia.org/wiki/Neutron_scattering,owl:Class,,,,,,,,,,,('scattering technique' and 'neutron probe'),,,,,,,
1243,http://purl.org/pan-science/PaNET/PaNET01243,polarized neutron reflectometry,,polarized neutron reflectivity,,,,owl:Class,,,,,,,,,,,('neutron reflectometry' and 'versus polarization'),,,,,,,
1244,http://purl.org/pan-science/PaNET/PaNET01244,time-of-flight spectrometry,,TOF spectrometry,TOF spectroscopy,,,owl:Class,,,,,,,,,,,('spectroscopy' and 'neutron time of flight technique'),,,,,,,
1245,http://purl.org/pan-science/PaNET/PaNET01245,inelastic neutron spectroscopy,,inelastic neutron scattering spectroscopy,inelastic neutron scattering,,Neutron spectroscopy - Wikipedia,owl:Class,,,,,,,,,,,('inelastic scattering' and 'neutron probe' and 'spectroscopy'),,,,,,,
1246,http://purl.org/pan-science/PaNET/PaNET01246,cold neutron spectroscopy,,,,,,owl:Class,,,,,,,,,,,('inelastic neutron spectroscopy' and 'cold neutron probe'),,,,,,,
1247,http://purl.org/pan-science/PaNET/PaNET01247,thermal neutron spectroscopy,,,,,,owl:Class,,,,,,,,,,,('inelastic neutron spectroscopy' and 'thermal neutron probe'),,,,,,,
1248,http://purl.org/pan-science/PaNET/PaNET01248,neutron transmission radiography,,,,,,owl:Class,,,,,,,,,,,('neutron probe' and 'absorption technique' and 'imaging'),,,,,,,
1249,http://purl.org/pan-science/PaNET/PaNET01249,cold neutron imaging,,,,,,owl:Class,,,,,,,,,,,('imaging' and 'cold neutron probe'),,,,,,,
1250,http://purl.org/pan-science/PaNET/PaNET01250,high-resolution neutron imaging ,,,,,,owl:Class,,,,,,,,,,,('imaging' and 'obtain high resolution spatial map' and 'neutron probe'),,,,,,,
1251,http://purl.org/pan-science/PaNET/PaNET01251,THz near field microscopy,,,,,,owl:Class,,,,,,,,,,,('THz photon probe' and 'microscopy' and 'scanning probe'),,,,,,,
1252,http://purl.org/pan-science/PaNET/PaNET01252,magnetic scattering,,,,,,owl:Class,,,,,,,,,,,('scattering technique' and 'magnetism technique'),,,,,,,
1253,http://purl.org/pan-science/PaNET/PaNET01253,magnetic diffraction,,,,,,owl:Class,,,,,,,,,,,('diffraction' and 'magnetism technique'),,,,,,,
1254,http://purl.org/pan-science/PaNET/PaNET01254,microfocus x-ray fluorescence,,,,,,owl:Class,,,,,,,,,,,('microfocussed probe' and 'x-ray emission technique'),,,,,,,
1255,http://purl.org/pan-science/PaNET/PaNET01255,ellipsometry,,,,,https://en.wikipedia.org/wiki/Ellipsometry,owl:Class,,,,,,,,,,,('versus emitted polarization' and 'reflection technique' and 'photon probe'),,,,,,,
1256,http://purl.org/pan-science/PaNET/PaNET01256,polarimetry,,,,,,owl:Class,,,,,,,,,polarimetry_,,,,,,,,,
1257,http://purl.org/pan-science/PaNET/PaNET01257,UV photoelectron emission,,,,,,owl:Class,,,,,,,,,,,('UV photon probe' and 'photoelectron emission'),,,,,,,
1258,http://purl.org/pan-science/PaNET/PaNET01258,x-ray photoelectron emission,,,,,,owl:Class,,,,,,,,,,,('x-ray probe' and 'photoelectron emission'),,,,,,,
1259,http://purl.org/pan-science/PaNET/PaNET01259,x-ray magnetic linear dichroism,,XMLD,,,,owl:Class,,,,,,,,,,,('x-ray probe' and 'magnetic linear dichroism'),,,,,,,
1260,http://purl.org/pan-science/PaNET/PaNET01260,resonant elastic x-ray scattering,,REXS,,,,owl:Class,,,,,,,,,,,('resonant x-ray scattering' and 'elastic scattering' and 'resonant scattering'),,,,,,,
1261,http://purl.org/pan-science/PaNET/PaNET01261,x-ray refraction imaging,,x-ray refraction radiography,,,,owl:Class,,,,,,,,,,,('x-ray probe' and 'refraction technique' and 'imaging'),,,,,,,
1262,http://purl.org/pan-science/PaNET/PaNET01262,x-ray refraction tomography,,,,,,owl:Class,,,,,,,,,,,('x-ray probe' and 'propagation phase contrast tomography'),,,,,,,
1263,http://purl.org/pan-science/PaNET/PaNET01263,time dependent scattering,,time resolved scattering,,,,owl:Class,,,,,,,,,,,('time dependent study' and 'scattering technique'),,,,,,,
1264,http://purl.org/pan-science/PaNET/PaNET01264,time dependent diffraction,,time resolved diffraction,,,,owl:Class,,,,,,,,,,,('time dependent scattering' and 'diffraction'),,,,,,,
1265,http://purl.org/pan-science/PaNET/PaNET01265,time dependent absorption,,time resolved absorption,,,,owl:Class,,,,,,,,,,,('time dependent study' and 'absorption technique'),,,,,,,
1266,http://purl.org/pan-science/PaNET/PaNET01266,x-ray holography,,,,,,owl:Class,,,,,,,,,,,('holography' and 'x-ray probe'),,,,,,,
1267,http://purl.org/pan-science/PaNET/PaNET01267,ion imaging,,,,,,owl:Class,,,,,,,,,,,('ion emission technique' and 'photon probe' and 'versus emission momentum'),,,,,,,
1268,http://purl.org/pan-science/PaNET/PaNET01268,mass spectrometry,,,,,https://en.wikipedia.org/wiki/Mass_spectrometry,owl:Class,,,,,,,,,mass_spectrometry,,,,,,,,,
1269,http://purl.org/pan-science/PaNET/PaNET01269,photoelectron emission,,,,,https://en.wikipedia.org/wiki/Photoelectric_effect,owl:Class,,,,,,,,,,,('photon probe' and 'electron emission technique'),,,,,,,
1270,http://purl.org/pan-science/PaNET/PaNET01270,nuclear resonant scattering,,,,,,owl:Class,,,,,,,,,,,('nuclear resonance' and 'resonant scattering'),,,,,,,
1271,http://purl.org/pan-science/PaNET/PaNET01271,microfocus x-ray scattering,,,,,,owl:Class,,,,,,,,,,,('x-ray scattering' and 'microfocussed probe'),,,,,,,
1272,http://purl.org/pan-science/PaNET/PaNET01272,nanofocus x-ray scattering,,,,,,owl:Class,,,,,,,,,,,('microfocus x-ray scattering' and 'nanofocussed probe'),,,,,,,
1273,http://purl.org/pan-science/PaNET/PaNET01273,small angle inelastic scattering,,,,,,owl:Class,,,,,,,,,,,('inelastic scattering' and 'small angle scattering'),,,,,,,
1274,http://purl.org/pan-science/PaNET/PaNET01274,anomalous small angle x-ray scattering,,ASAXS,,,,owl:Class,,,,,,,,,,,('resonant diffraction' and 'small angle scattering' and 'x-ray probe'),,,,,,,
1275,http://purl.org/pan-science/PaNET/PaNET01275,anomalous solution x-ray scattering,,ASAX,,,,owl:Class,subclass,anomalous small angle x-ray scattering,,,,,,,,,,,,,,,,
1276,http://purl.org/pan-science/PaNET/PaNET01276,grazing incidence small angle neutron scattering,,GISANS,,,https://en.wikipedia.org/wiki/Grazing-incidence_small-angle_scattering,owl:Class,,,,,,,,,,,('grazing incidence small angle scattering' and 'small angle neutron scattering'),,,,,,,
1277,http://purl.org/pan-science/PaNET/PaNET01277,time of flight small angle neutron scattering,,,,,,owl:Class,,,,,,,,,,,('small angle neutron scattering' and 'time of flight technique'),,,,,,,
1278,http://purl.org/pan-science/PaNET/PaNET01278,very small angle neutron scattering,,VSANS,,,,owl:Class,,,,,,,,,,,('small angle neutron scattering' and 'ultra small angle scattering'),,,,,,,
1279,http://purl.org/pan-science/PaNET/PaNET01279,diffuse small angle scattering,,,,,,owl:Class,,,,,,,,,,,('small angle scattering' and 'diffuse scattering'),,,,,,,
1280,http://purl.org/pan-science/PaNET/PaNET01280,diffuse small angle x-ray scattering,,,,,,owl:Class,,,,,,,,,,,('diffuse small angle scattering' and 'x-ray probe'),,,,,,,
1281,http://purl.org/pan-science/PaNET/PaNET01281,inelastic x-ray small angle scattering,,,,,,owl:Class,,,,,,,,,,,('small angle x-ray scattering' and 'inelastic x-ray scattering' and 'small angle inelastic scattering'),,,,,,,
1282,http://purl.org/pan-science/PaNET/PaNET01282,soft x-ray small angle scattering,,,,,,owl:Class,,,,,,,,,,,('small angle x-ray scattering' and 'soft x-ray probe'),,,,,,,
1283,http://purl.org/pan-science/PaNET/PaNET01283,soft x-ray diffraction,,,,,,owl:Class,,,,,,,,,,,('soft x-ray probe' and 'diffraction'),,,,,,,
1284,http://purl.org/pan-science/PaNET/PaNET01284,x-ray photoelectron diffraction,,,,,,owl:Class,,,,,,,,,,,('photoelectron diffraction' and 'x-ray probe'),,,,,,,
1285,http://purl.org/pan-science/PaNET/PaNET01285,x-ray imaging,,,,,https://en.wikipedia.org/wiki/Radiography,owl:Class,,,,,,,,,,,('imaging' and 'x-ray probe'),,,,,,,
1286,http://purl.org/pan-science/PaNET/PaNET01286,micro small angle x-ray scattering tomography,,micro SAXS tomography,,,,owl:Class,,,,,,,,,,,('microtomography' and 'grazing incidence small angle x-ray scattering'),,,,,,,
1287,http://purl.org/pan-science/PaNET/PaNET01287,micro grazing incidence small angle x-ray scattering tomography,,micro GISAXS tomography,,,,owl:Class,,,,,,,,,,,('micro small angle x-ray scattering tomography' and 'grazing incidence small angle x-ray scattering'),,,,,,,
1288,http://purl.org/pan-science/PaNET/PaNET01288,scanning x-ray fluorescence,,,,,,owl:Class,,,,,,,,,,,('x-ray fluorescence' and 'scanning probe imaging'),,,,,,,
1289,http://purl.org/pan-science/PaNET/PaNET01289,soft x-ray imaging,,,,,,owl:Class,,,,,,,,,,,('x-ray imaging' and 'x-ray probe'),,,,,,,
1290,http://purl.org/pan-science/PaNET/PaNET01290,x-ray diffraction imaging,,,,,,owl:Class,,,,,,,,,,,('diffraction imaging' and 'x-ray probe'),,,,,,,
1291,http://purl.org/pan-science/PaNET/PaNET01291,scanning angle resolved photoemission spectromicroscopy,,,,,,owl:Class,,,,,,,,,,,('angle resolved photoemission spectroscopy' and 'scanning probe microscopy'),,,,,,,
1292,http://purl.org/pan-science/PaNET/PaNET01292,nano angle resolved photoemission spectroscopy,,nano ARPES,,,,owl:Class,,,,,,,,,,,('scanning angle resolved photoemission spectromicroscopy' and 'nanofocussed probe'),,,,,,,
1293,http://purl.org/pan-science/PaNET/PaNET01293,scanning photoelectron microscopy,,,,,,owl:Class,,,,,,,,,,,('photoemission electron microscopy' and 'scanning probe'),,,,,,,
1294,http://purl.org/pan-science/PaNET/PaNET01294,x-ray photoemission electron microscopy,,,,,,owl:Class,,,,,,,,,,,('photoemission electron microscopy' and 'x-ray probe'),,,,,,,
1295,http://purl.org/pan-science/PaNET/PaNET01295,x-ray scanning microscopy,,scanning x-ray microscopy,,,,owl:Class,,,,,,,,,,,('x-ray microscopy' and 'scanning probe'),,,,,,,
1296,http://purl.org/pan-science/PaNET/PaNET01296,high resolution core-level photoemission spectroscopy,,,,,,owl:Class,,,,,,,,,,,('high resolution photoelectron spectroscopy' and 'atomic core excitation'),,,,,,,
1297,http://purl.org/pan-science/PaNET/PaNET01297,high resolution x-ray photoelectron spectroscopy,,HR-XPS,,,,owl:Class,,,,,,,,,,,('x-ray photoelectron spectroscopy' and 'high resolution photoelectron spectroscopy'),,,,,,,
1298,http://purl.org/pan-science/PaNET/PaNET01298,elastic neutron scattering spectroscopy,,resolution elastic neutron scattering,RENS,,,owl:Class,,,,,,,,,,,('elastic scattering' and 'neutron probe' and 'spectroscopy' and 'obtain dynamics'),,,,,,,
1299,http://purl.org/pan-science/PaNET/PaNET01299,high resolution inelastic neutron scattering,,,,,,owl:Class,,,,,,,,,,,('inelastic neutron spectroscopy' and 'high energy resolution emission technique'),,,,,,,
1300,http://purl.org/pan-science/PaNET/PaNET01300,x-ray linear dichroism,,,,,,owl:Class,,,,,,,,,,,('linear dichroism' and 'x-ray probe'),,,,,,,
1301,http://purl.org/pan-science/PaNET/PaNET01301,x-ray magnetochiral dichroism,,XMChiD,,,,owl:Class,,,,,,,,,,,('magnetochiral dichroism' and 'x-ray probe'),,,,,,,
1302,http://purl.org/pan-science/PaNET/PaNET01302,x-ray natural circular dichroism,,XNCD,,,,owl:Class,,,,,,,,,,,('natural circular dichroism' and 'x-ray probe'),,,,,,,
1303,http://purl.org/pan-science/PaNET/PaNET01303,x-ray natural linear dichroism,,XNLD,,,,owl:Class,,,,,,,,,,,('natural linear dichroism' and 'x-ray probe'),,,,,,,
1304,http://purl.org/pan-science/PaNET/PaNET01304,fragment screening,,crystallographic fragment screening,,,https://en.wikipedia.org/wiki/Fragment-based_lead_discovery,owl:Class,,,,,,,,,,,('macromolecular crystallography' and 'drug fragment binding'),,,,,,,
1305,http://purl.org/pan-science/PaNET/PaNET01305,long wavelength crystallography,,,,,,owl:Class,,,,,,,,,,,('macromolecular crystallography' and 'tender x-ray probe'),,,,,,,
1306,http://purl.org/pan-science/PaNET/PaNET01306,microfocus macromolecular crystallography,,microfocus MX,,,,owl:Class,,,,,,,,,,,('macromolecular crystallography' and 'microfocus x-ray scattering'),,,,,,,
1307,http://purl.org/pan-science/PaNET/PaNET01307,nanofocus macromolecular crystallography,,nanofocus MX,,,,owl:Class,,,,,,,,,,,('macromolecular crystallography' and 'nanofocus x-ray scattering'),,,,,,,
1308,http://purl.org/pan-science/PaNET/PaNET01308,molecular replacement,,MR,,,https://en.wikipedia.org/wiki/Molecular_replacement,owl:Class,subclass,macromolecular crystallography,,,,,,,,,,,,,,,,
1309,http://purl.org/pan-science/PaNET/PaNET01309,time resolved serial femtosecond crystallography,,TR-SFX,,,,owl:Class,,,,,,,,,,,('serial femtosecond crystallography' and 'time dependent diffraction'),,,,,,,
1310,http://purl.org/pan-science/PaNET/PaNET01310,fixed target serial synchrotron crystallography,,FT-SSX,,,,owl:Class,subclass,serial synchrotron crystallography,,,,,,,,,,,,,,,,
1311,http://purl.org/pan-science/PaNET/PaNET01311,lipidic cubic phase serial synchrotron crystallography,,LCP-SSX,,,,owl:Class,,,,,,,,,,,('serial synchrotron crystallography' and 'macromolecular crystallography'),,,,,,,
1312,http://purl.org/pan-science/PaNET/PaNET01312,time resolved serial synchrotron crystallography,,TR-SSX,,,,owl:Class,,,,,,,,,,,('serial synchrotron crystallography' and 'time dependent diffraction'),,,,,,,
1313,http://purl.org/pan-science/PaNET/PaNET01313,magnetic x-ray tomography,,,,,,owl:Class,,,,,,,,,,,('magnetism technique' and 'x-ray tomography'),,,,,,,
1314,http://purl.org/pan-science/PaNET/PaNET01314,correlative light x-ray microscopy,,CLXM,,,,owl:Class,,,,,,,,,,,('x-ray microscopy' and 'optical microscopy'),,,,,,,
1315,http://purl.org/pan-science/PaNET/PaNET01315,cryo x-ray microscopy,,,,,,owl:Class,subclass,x-ray microscopy,,,,,,,,,,,,,,,,
1316,http://purl.org/pan-science/PaNET/PaNET01316,grazing incidence wide angle scattering,,GIWAXS,,,,owl:Class,,,,,,,,,,,('wide angle x-ray scattering' and 'grazing incidence diffraction'),,,,,,,
1317,http://purl.org/pan-science/PaNET/PaNET01317,high resolution angle resolved photoemission spectroscopy,,HR-ARPES,,,,owl:Class,,,,,,,,,,,('angle resolved photoemission spectroscopy' and 'high resolution photoelectron spectroscopy'),,,,,,,
1318,http://purl.org/pan-science/PaNET/PaNET01318,atomic force microscopy,,AFM,,,https://en.wikipedia.org/wiki/Atomic_force_microscopy,owl:Class,,,,,,,,,,,('solid probe' and 'force measurement' and 'scanning probe' and 'microscopy'),,,,,,,
1319,http://purl.org/pan-science/PaNET/PaNET01319,atomic force microscope infrared spectroscopy,,AFM-IR,,,https://en.wikipedia.org/wiki/AFM-IR,owl:Class,,,,,,,,,,,('atomic force microscopy' and 'infrared spectroscopy'),,,,,,,
1320,http://purl.org/pan-science/PaNET/PaNET01320,fourier transform infrared spectroscopy,,FTIR,,,https://en.wikipedia.org/wiki/Fourier-transform_infrared_spectroscopy,owl:Class,,,,,,,,,,,('infrared spectroscopy' and 'interferometry technique'),,,,,,,
1321,http://purl.org/pan-science/PaNET/PaNET01321,energy dispersive extended x-ray absorption fine structure,,EDE,ED-EXAFS,,,owl:Class,,,,,,,,,,,('energy dispersive x-ray spectroscopy' and 'extended x-ray absorption fine structure'),,,,,,,
1322,http://purl.org/pan-science/PaNET/PaNET01322,microfocus x-ray absorption spectroscopy,,,,,,owl:Class,,,,,,,,,,,('microfocussed probe' and 'x-ray absorption spectroscopy'),,,,,,,
1323,http://purl.org/pan-science/PaNET/PaNET01323,radiotherapy,,radiation therapy,,,https://en.wikipedia.org/wiki/Radiation_therapy,owl:Class,,,,,,,,,,radiotherapy_,,,,,,,,
1324,http://purl.org/pan-science/PaNET/PaNET01324,surface crystallography,,obtain surface atomic structure,,,,owl:Class,,,,,,,,,,surface_crystallography,,,,,,,,
1325,http://purl.org/pan-science/PaNET/PaNET01325,borrmann effect,,,,,https://en.wikipedia.org/wiki/Borrmann_effect,owl:Class,,,,,,,,,,,('x-ray standing wave' and 'single crystal diffraction' and 'dynamical diffraction'),,,,,,,
1326,http://purl.org/pan-science/PaNET/PaNET01326,birefringence,,,,,,owl:Class,,,,,,,,,,,('refraction technique' and 'versus photon linear polarization'),,,,,,,
1327,http://purl.org/pan-science/PaNET/PaNET01327,x-ray birefringence imaging ,,XBI,,,https://en.wikipedia.org/wiki/X-ray_birefringence_imaging,owl:Class,,,,,,,,,,,('birefringence' and 'x-ray linear dichroism' and 'imaging'),,,,,,,
1328,http://purl.org/pan-science/PaNET/PaNET01328,divergent beam diffraction,,,,,,owl:Class,,,,,,,,divergent_beam_diffraction,,,,,,,,,,
1329,http://purl.org/pan-science/PaNET/PaNET01329,kossel lines,,,,,,owl:Class,,,,,,,,,,,('divergent beam diffraction' and 'x-ray fluorescence'),,,,,,,
1330,http://purl.org/pan-science/PaNET/PaNET01330,diffuse multiple scattering,,,,,,owl:Class,,,,,,,,,,,('divergent beam diffraction' and 'diffuse scattering'),,,,,,,
,,,,,,,,,,,,,,,,,,,,,,,,,,
,,,,,,,,,,,,,,,,,,,,,,,,,,
2000000,http://purl.org/pan-science/PaNET/PaNET2000000,Photon and Neutron related concepts,,,,,,,,,,,,,,,,,,,,,,,,
2000100,http://purl.org/pan-science/PaNET/PaNET2000100,Probe,,,,Types of experimental probes,,owl:Class,subclass,Photon and Neutron related concepts,,,,,,,,,,,,,,,,
2000200,http://purl.org/pan-science/PaNET/PaNET2000200,Purpose,,,,Types of purposes,,owl:Class,subclass,Photon and Neutron related concepts,,,,,,,,,,,,,,,,
2000300,http://purl.org/pan-science/PaNET/PaNET2000300,Process,,,,Types of experimental physical processes,,owl:Class,subclass,Photon and Neutron related concepts,,,,,,,,,,,,,,,,
2000400,http://purl.org/pan-science/PaNET/PaNET2000400,Functional Dependence,,,,Types of functional dependences,,owl:Class,subclass,Photon and Neutron related concepts,,,,,,,,,,,,,,,,
,,,,,,,,,,,,,,,,,,,,,,,,,,
2001100,http://purl.org/pan-science/PaNET/PaNET2001100,photon,photon_probe,,,Photon probes,,owl:Class,subclass,Probe,,,,,,,,,,,,,,,,
2001101,http://purl.org/pan-science/PaNET/PaNET2001101,neutron,neutron_probe,,,Neutron probes,,owl:Class,subclass,Probe,,,,,,,,,,,,,,,,
2001102,http://purl.org/pan-science/PaNET/PaNET2001102,muon,muon_probe,,,Muon probes,,owl:Class,subclass,Probe,,,,,,,,,,,,,,,,
2001103,http://purl.org/pan-science/PaNET/PaNET2001103,solid_probe,solid_probe,,,Solid probes,,owl:Class,subclass,Probe,,,,,,,,,,,,,,,,
2001104,http://purl.org/pan-science/PaNET/PaNET2001104,scanning_probe,scanning_probe,,,Scanning probes,,owl:Class,subclass,Probe,,,,,,,,,,,,,,,,
2001105,http://purl.org/pan-science/PaNET/PaNET2001105,pulsed_probe,pulsed_probe,,,Pulsed probes,,owl:Class,subclass,Probe,,,,,,,,,,,,,,,,
2001106,http://purl.org/pan-science/PaNET/PaNET2001106,microfocussed_probe,microfocussed_probe,,,Microfocussed probes,,owl:Class,subclass,Probe,,,,,,,,,,,,,,,,
,,,,,,,,,,,,,,,,,,,,,,,,,,
2001200,http://purl.org/pan-science/PaNET/PaNET2001200,scattering,scattering_technique,,,Scattering techniques,,owl:Class,subclass,Process,,,,,,,,,,,,,,,,
2001201,http://purl.org/pan-science/PaNET/PaNET2001201,emission_technique,emission_technique,,,Emission techniques,,owl:Class,subclass,Process,,,,,,,,,,,,,,,,
2001202,http://purl.org/pan-science/PaNET/PaNET2001202,absorption_technique,absorption_technique,,,Absorption techniques,,owl:Class,subclass,Process,,,,,,,,,,,,,,,,
2001203,http://purl.org/pan-science/PaNET/PaNET2001203,propagation_technique,propagation_technique,,,Propagation techniques,,owl:Class,subclass,Process,,,,,,,,,,,,,,,,
2001204,http://purl.org/pan-science/PaNET/PaNET2001204,refraction,refraction_technique,,,Refraction techniques,,owl:Class,subclass,Process,,,,,,,,,,,,,,,,
2001205,http://purl.org/pan-science/PaNET/PaNET2001205,reflection,reflection_technique,,,Reflection techniques,,owl:Class,subclass,Process,,,,,,,,,,,,,,,,
2001206,http://purl.org/pan-science/PaNET/PaNET2001206,resonance_phenomenon,resonance_phenomenon,,,Resonance phenomenon,,owl:Class,subclass,Process,,,,,,,,,,,,,,,,
2001207,http://purl.org/pan-science/PaNET/PaNET2001207,magnetism,magnetism_technique,,,Magnetism techniques,,owl:Class,subclass,Process,,,,,,,,,,,,,,,,
2001208,http://purl.org/pan-science/PaNET/PaNET2001208,dispersive_technique,dispersive_technique,,,Dispersive techniques,,owl:Class,subclass,Process,,,,,,,,,,,,,,,,
2001209,http://purl.org/pan-science/PaNET/PaNET2001209,interferometry,interferometry_technique,,,Interferometry techniques,,owl:Class,subclass,Process,,,,,,,,,,,,,,,,
2001210,http://purl.org/pan-science/PaNET/PaNET2001210,force_measurement,force_measurement,,,Force measurement,,owl:Class,subclass,Process,,,,,,,,,,,,,,,,
2001211,http://purl.org/pan-science/PaNET/PaNET2001211,nonlinear_interaction,nonlinear_interaction,,,Nonlinear interaction,,owl:Class,subclass,Process,,,,,,,,,,,,,,,,
,,,,,,,,,,,,,,,,,,,,,,,,,,
2001300,http://purl.org/pan-science/PaNET/PaNET2001300,energy,versus_energy,,,,,owl:Class,subclass,Functional Dependence,,,,,,,,,,,,,,,,
2001301,http://purl.org/pan-science/PaNET/PaNET2001301,momentum_transfer,versus_momentum_transfer,,,,,owl:Class,subclass,Functional Dependence,,,,,,,,,,,,,,,,
2001302,http://purl.org/pan-science/PaNET/PaNET2001302,polarization,versus_polarization,,,,,owl:Class,subclass,Functional Dependence,,,,,,,,,,,,,,,,
2001303,http://purl.org/pan-science/PaNET/PaNET2001303,position,versus_position,,,,,owl:Class,subclass,Functional Dependence,,,,,,,,,,,,,,,,
2001304,http://purl.org/pan-science/PaNET/PaNET2001304,time,versus_time,,,,,owl:Class,subclass,Functional Dependence,,,,,,,,,,,,,,,,
2001305,http://purl.org/pan-science/PaNET/PaNET2001305,emission_mass,versus_emission_mass,,,,,owl:Class,subclass,Functional Dependence,,,,,,,,,,,,,,,,
2001306,http://purl.org/pan-science/PaNET/PaNET2001306,sample_state,versus_sample_state,,,,,owl:Class,subclass,Functional Dependence,,,,,,,,,,,,,,,,
,,,,,,,,,,,,,,,,,,,,,,,,,,
2001400,http://purl.org/pan-science/PaNET/PaNET2001400,atomic structure,obtain_atomic_structure,,,,,owl:Class,subclass,Purpose,,,,,,,,,,,,,,,,
2001401,http://purl.org/pan-science/PaNET/PaNET2001401,spatial map,obtain_spatial_map,,,,,owl:Class,subclass,Purpose,,,,,,,,,,,,,,,,
2001402,http://purl.org/pan-science/PaNET/PaNET2001402,electronic ground state properties,obtain_electronic_ground_state_properties,,,,,owl:Class,subclass,Purpose,,,,,,,,,,,,,,,,
2001403,http://purl.org/pan-science/PaNET/PaNET2001403,dynamics,obtain_dynamics,,,,,owl:Class,subclass,Purpose,,,,,,,,,,,,,,,,
2001404,http://purl.org/pan-science/PaNET/PaNET2001404,therapy_purpose,therapy_purpose,,,,,owl:Class,subclass,Purpose,,,,,,,,,,,,,,,,
2001405,http://purl.org/pan-science/PaNET/PaNET2001405,drug_fragment_binding,drug_fragment_binding,,,,,owl:Class,subclass,Purpose,,,,,,,,,,,,,,,,
2001406,http://purl.org/pan-science/PaNET/PaNET2001406,internal field,obtain_internal_field,,,,,owl:Class,subclass,Purpose,,,,,,,,,,,,,,,,
2001407,http://purl.org/pan-science/PaNET/PaNET2001407,characterize_excitations,characterize_excitations,,,,,owl:Class,subclass,Purpose,,,,,,,,,,,,,,,,
2001408,http://purl.org/pan-science/PaNET/PaNET2001408,manufacturing,manufacturing_technique,,,,,owl:Class,subclass,Purpose,,,,,,,,,,,,,,,,
2001409,http://purl.org/pan-science/PaNET/PaNET2001409,testing_purpose,testing_purpose,,,,,owl:Class,subclass,Purpose,,,,,,,,,,,,,,,,
2001410,http://purl.org/pan-science/PaNET/PaNET2001410,medical_application,medical_application,,,,,owl:Class,subclass,Purpose,,,,,,,,,,,,,,,,
2001411,http://purl.org/pan-science/PaNET/PaNET2001411,chiral_determination,chiral_determination,,,,,owl:Class,subclass,Purpose,,,,,,,,,,,,,,,,
,,,,,,,,,,,,,,,,,,,,,,,,,,
2010000,http://purl.org/pan-science/PaNET/PaNET2010000,time of flight,time_of_flight_technique,TOF,,,,owl:Class,subclass,pulsed_probe,,,,,,,,,,,,,,,,
2010001,http://purl.org/pan-science/PaNET/PaNET2010001,neutron time of flight,neutron_time_of_flight_technique,,,,,owl:Class,subclass,time_of_flight_technique,,,,,,,,,,,,,,,,
2010002,http://purl.org/pan-science/PaNET/PaNET2010002,ultrafast_probe,ultrafast_probe,femtosecond probe,,,,owl:Class,subclass,pulsed_probe,,,,,,,,,,,,,,,,
2010003,http://purl.org/pan-science/PaNET/PaNET2010003,nanofocussed_probe,nanofocussed_probe,,,,,owl:Class,subclass,microfocussed_probe,,,,,,,,,,,,,,,,
2010004,http://purl.org/pan-science/PaNET/PaNET2010004,IR photon,IR_photon_probe,,,,,owl:Class,subclass,photon_probe,,,,,,,,,,,,,,,,
2010005,http://purl.org/pan-science/PaNET/PaNET2010005,THz photon,THz_photon_probe,,,,,owl:Class,subclass,photon_probe,,,,,,,,,,,,,,,,
2010006,http://purl.org/pan-science/PaNET/PaNET2010006,UV visible photon,UV_visible_photon_probe,,,,,owl:Class,subclass,photon_probe,,,,,,,,,,,,,,,,
2010007,http://purl.org/pan-science/PaNET/PaNET2010007,visible photon,visible_photon_probe,,,,,owl:Class,subclass,UV_visible_photon_probe,,,,,,,,,,,,,,,,
2010008,http://purl.org/pan-science/PaNET/PaNET2010008,UV photon,UV_photon_probe,,,,,owl:Class,subclass,UV_visible_photon_probe,,,,,,,,,,,,,,,,
2010009,http://purl.org/pan-science/PaNET/PaNET2010009,VUV photon,VUV_photon_probe,,,,,owl:Class,subclass,UV_photon_probe,,,,,,,,,,,,,,,,
2010010,http://purl.org/pan-science/PaNET/PaNET2010010,EUV photon,EUV_photon_probe,,,,,owl:Class,subclass,VUV_photon_probe,,,,,,,,,,,,,,,,
2010011,http://purl.org/pan-science/PaNET/PaNET2010011,x-ray,x-ray_probe,,,,,owl:Class,subclass,photon_probe,,,,,,,,,,,,,,,,
2010012,http://purl.org/pan-science/PaNET/PaNET2010012,hard x-ray,hard_x-ray_probe,,,,,owl:Class,subclass,x-ray_probe,,,,,,,,,,,,,,,,
2010013,http://purl.org/pan-science/PaNET/PaNET2010013,tender x-ray,tender_x-ray_probe,,,"Energy is between hard and soft x-ray, e.g. sulphur K edge",,owl:Class,subclass,x-ray_probe,,,,,,,,,,,,,,,,
2010014,http://purl.org/pan-science/PaNET/PaNET2010014,soft_x-ray_probe,soft_x-ray_probe,,,,,owl:Class,subclass,x-ray_probe,,,,,,,,,,,,,,,,
2010015,http://purl.org/pan-science/PaNET/PaNET2010015,thermal neutron,thermal_neutron_probe,,,,https://en.wikipedia.org/wiki/Neutron_temperature#Thermal,owl:Class,subclass,neutron_probe,,,,,,,,,,,,,,,,
2010016,http://purl.org/pan-science/PaNET/PaNET2010016,cold neutron,cold_neutron_probe,,,,,owl:Class,subclass,thermal_neutron_probe,,,,,,,,,,,,,,,,
2010017,http://purl.org/pan-science/PaNET/PaNET2010017,monochromatic neutron,monochromatic_neutron_probe,,,,,owl:Class,subclass,neutron_probe,,,,,,,,,,,,,,,,
2010018,http://purl.org/pan-science/PaNET/PaNET2010018,elastic_scattering,elastic_scattering,,,,https://en.wikipedia.org/wiki/Elastic_scattering,owl:Class,subclass,scattering_technique,,,,,,,,,,,,,,,,
2010019,http://purl.org/pan-science/PaNET/PaNET2010019,diffuse_scattering,diffuse_scattering,,,,,owl:Class,subclass,elastic_scattering,,,,,,,,,,,,,,,,
2010020,http://purl.org/pan-science/PaNET/PaNET2010020,diffraction_,diffraction_,,,,https://en.wikipedia.org/wiki/Diffraction,owl:Class,subclass,elastic_scattering,,,,,,,,,,,,,,,,
2010021,http://purl.org/pan-science/PaNET/PaNET2010021,dynamical_diffraction,dynamical_diffraction,,,,https://en.wikipedia.org/wiki/Dynamical_theory_of_diffraction,owl:Class,subclass,diffraction_,,,,,,,,,,,,,,,,
2010022,http://purl.org/pan-science/PaNET/PaNET2010022,coherent_diffraction,coherent_diffraction,,,Probe is highly coherent over illuminated sample,,owl:Class,subclass,diffraction_,,,,,,,,,,,,,,,,
2010023,http://purl.org/pan-science/PaNET/PaNET2010023,reference_beam,reference_beam,,,e.g. holography,https://en.wikipedia.org/wiki/Reference_beam,owl:Class,subclass,diffraction_,,,,,,,,,,,,,,,,
2010024,http://purl.org/pan-science/PaNET/PaNET2010024,incoherent_scattering,incoherent_scattering,,,,https://en.wikipedia.org/wiki/Incoherent_scatter,owl:Class,subclass,scattering_technique,,,,,,,,,,,,,,,,
2010025,http://purl.org/pan-science/PaNET/PaNET2010025,inelastic_scattering,inelastic_scattering,,,,https://en.wikipedia.org/wiki/Inelastic_scattering,owl:Class,subclass,incoherent_scattering,,,,,,,,,,,,,,,,
2010026,http://purl.org/pan-science/PaNET/PaNET2010026,quasielastic_scattering,quasielastic_scattering,,,,https://en.wikipedia.org/wiki/Quasielastic_neutron_scattering,owl:Class,subclass,inelastic_scattering,,,,,,,,,,,,,,,,
2010027,http://purl.org/pan-science/PaNET/PaNET2010027,high_momentum_transfer_scattering,high_momentum_transfer_scattering,,,,,owl:Class,subclass,scattering_technique,,,,,,,,,,,,,,,,
2010028,http://purl.org/pan-science/PaNET/PaNET2010028,low_momentum_transfer_scattering,low_momentum_transfer_scattering,,,,,owl:Class,subclass,scattering_technique,,,,,,,,,,,,,,,,
2010029,http://purl.org/pan-science/PaNET/PaNET2010029,ultra_low_momentum_transfer_scattering,ultra_low_momentum_transfer_scattering,,,,,owl:Class,subclass,low_momentum_transfer_scattering,,,,,,,,,,,,,,,,
2010030,http://purl.org/pan-science/PaNET/PaNET2010030,low_surface_momentum_transfer_scattering,low_surface_momentum_transfer_scattering,,,,,owl:Class,subclass,scattering_technique,,,,,,,,,,,,,,,,
2010031,http://purl.org/pan-science/PaNET/PaNET2010031,high_momentum_transfer_resolution_scattering,high_momentum_transfer_resolution_scattering,,,,,owl:Class,subclass,scattering_technique,,,,,,,,,,,,,,,,
2010032,http://purl.org/pan-science/PaNET/PaNET2010032,coherent_emission,coherent_emission_technique,,,,,owl:Class,subclass,emission_technique,,,,,,,,,,,,,,,,
2010033,http://purl.org/pan-science/PaNET/PaNET2010033,high energy resolution emission,high_energy_resolution_emission_technique,,,,,owl:Class,subclass,emission_technique,,,,,,,,,,,,,,,,
2010034,http://purl.org/pan-science/PaNET/PaNET2010034,photon emission,photon_emission_technique,,,,,owl:Class,subclass,emission_technique,,,,,,,,,,,,,,,,
2010035,http://purl.org/pan-science/PaNET/PaNET2010035,visible photon emission,visible_photon_emission_technique,,,,,owl:Class,subclass,photon_emission_technique,,,,,,,,,,,,,,,,
2010036,http://purl.org/pan-science/PaNET/PaNET2010036,x-ray emission,x-ray_emission_technique,,,,,owl:Class,subclass,photon_emission_technique,,,,,,,,,,,,,,,,
2010037,http://purl.org/pan-science/PaNET/PaNET2010037,gamma-ray emission,gamma-ray_emission_technique,,,,,owl:Class,subclass,photon_emission_technique,,,,,,,,,,,,,,,,
2010038,http://purl.org/pan-science/PaNET/PaNET2010038,electron emission,electron_emission_technique,,,,https://en.wikipedia.org/wiki/Electron_emission,owl:Class,subclass,emission_technique,,,,,,,,,,,,,,,,
2010039,http://purl.org/pan-science/PaNET/PaNET2010039,ion emission,ion_emission_technique,,,,,owl:Class,subclass,emission_technique,,,,,,,,,,,,,,,,
2010040,http://purl.org/pan-science/PaNET/PaNET2010040,nuclear_resonance,nuclear_resonance,,,,,owl:Class,subclass,resonance_phenomenon,,,,,,,,,,,,,,,,
2010041,http://purl.org/pan-science/PaNET/PaNET2010041,muon_spin_resonance,muon_spin_resonance,MuSR,,,https://en.wikipedia.org/wiki/Muon_spin_spectroscopy,owl:Class,subclass,resonance_phenomenon,,,,,,,,,,,,,,,,
2010042,http://purl.org/pan-science/PaNET/PaNET2010042,spin_echo_technique,spin_echo_technique,,,,https://en.wikipedia.org/wiki/Spin_echo,owl:Class,subclass,resonance_phenomenon,,,,,,,,,,,,,,,,
2010043,http://purl.org/pan-science/PaNET/PaNET2010043,electronic_excitation,electronic_excitation,,,,,owl:Class,subclass,resonance_phenomenon,,,,,,,,,,,,,,,,
2010044,http://purl.org/pan-science/PaNET/PaNET2010044,atomic_core_excitation,atomic_core_excitation,,,,,owl:Class,subclass,electronic_excitation,,,,,,,,,,,,,,,,
2010045,http://purl.org/pan-science/PaNET/PaNET2010045,photo_excitation,photo_excitation,,,,,owl:Class,subclass,electronic_excitation,,,,,,,,,,,,,,,,
2010046,http://purl.org/pan-science/PaNET/PaNET2010046,incident energy,versus_incident_energy,,,,,owl:Class,subclass,versus_energy,,,,,,,,,,,,,,,,
2010047,http://purl.org/pan-science/PaNET/PaNET2010047,emitted energy,versus_emitted_energy,,,,,owl:Class,subclass,versus_energy,,,,,,,,,,,,,,,,
2010048,http://purl.org/pan-science/PaNET/PaNET2010048,emission momentum,versus_emission_momentum,,,,,owl:Class,subclass,versus_emitted_energy,,,,,,,,,,,,,,,,
2010049,http://purl.org/pan-science/PaNET/PaNET2010049,energy loss,versus_energy_loss,,,,,owl:Class,subclass,versus_energy,,,,,,,,,,,,,,,,
2010050,http://purl.org/pan-science/PaNET/PaNET2010050,emitted polarization,versus_emitted_polarization,,,,,owl:Class,subclass,versus_polarization,,,,,,,,,,,,,,,,
2010051,http://purl.org/pan-science/PaNET/PaNET2010051,time ultrafast,versus_time_ultrafast,,,,,owl:Class,subclass,versus_time,,,,,,,,,,,,,,,,
2010052,http://purl.org/pan-science/PaNET/PaNET2010052,sample temperature,versus_sample_temperature,,,,,owl:Class,subclass,versus_sample_state,,,,,,,,,,,,,,,,
2010053,http://purl.org/pan-science/PaNET/PaNET2010053,sample pressure,versus_sample_pressure,,,,,owl:Class,subclass,versus_sample_state,,,,,,,,,,,,,,,,
2010054,http://purl.org/pan-science/PaNET/PaNET2010054,sample magnetic field,versus_sample_magnetic_field,,,,,owl:Class,subclass,versus_sample_state,,,,,,,,,,,,,,,,
2010055,http://purl.org/pan-science/PaNET/PaNET2010055,sample electric field,versus_sample_electric_field,,,,,owl:Class,subclass,versus_sample_state,,,,,,,,,,,,,,,,
2010056,http://purl.org/pan-science/PaNET/PaNET2010056,high resolution spatial map,obtain_high_resolution_spatial_map,,,,,owl:Class,subclass,obtain_spatial_map,,,,,,,,,,,,,,,,
2010057,http://purl.org/pan-science/PaNET/PaNET2010057,3D spatial map,obtain_3D_spatial_map,,,,,owl:Class,subclass,obtain_spatial_map,,,,,,,,,,,,,,,,
2010058,http://purl.org/pan-science/PaNET/PaNET2010058,electronic density of states,obtain_electronic_density_of_states,,,,https://en.wikipedia.org/wiki/Density_of_states,owl:Class,subclass,obtain_electronic_ground_state_properties,,,,,,,,,,,,,,,,
2010059,http://purl.org/pan-science/PaNET/PaNET2010059,electronic density of occupied states,obtain_electronic_density_of_occupied_states,,,,,owl:Class,subclass,obtain_electronic_density_of_states,,,,,,,,,,,,,,,,
2010060,http://purl.org/pan-science/PaNET/PaNET2010060,electronic density of unoccupied states,obtain_electronic_density_of_unoccupied_states,,,,,owl:Class,subclass,obtain_electronic_density_of_states,,,,,,,,,,,,,,,,
2010061,http://purl.org/pan-science/PaNET/PaNET2010061,electronic band structure,obtain_electronic_band_structure,,,,https://en.wikipedia.org/wiki/Electronic_band_structure,owl:Class,subclass,obtain_electronic_ground_state_properties,,,,,,,,,,,,,,,,
2010062,http://purl.org/pan-science/PaNET/PaNET2010062,atomic tensor properties,obtain_atomic_tensor_properties,,,,,owl:Class,subclass,obtain_electronic_ground_state_properties,,,,,,,,,,,,,,,,
2010063,http://purl.org/pan-science/PaNET/PaNET2010063,magnetic vector,obtain_magnetic_vector,,,,,owl:Class,subclass,obtain_atomic_tensor_properties,,,,,,,,,,,,,,,,
2010064,http://purl.org/pan-science/PaNET/PaNET2010064,charge quadrupole,obtain_charge_quadrupole,,,,,owl:Class,subclass,obtain_atomic_tensor_properties,,,,,,,,,,,,,,,,
2010065,http://purl.org/pan-science/PaNET/PaNET2010065,atomic magnetic structure,obtain_atomic_magnetic_structure,,,,https://en.wikipedia.org/wiki/Magnetic_structure,owl:Class,subclass,obtain_electronic_ground_state_properties,,,,,,,,,,,,,,,,
2010066,http://purl.org/pan-science/PaNET/PaNET2010066,charge density,obtain_charge_density,,,,,owl:Class,subclass,obtain_electronic_ground_state_properties,,,,,,,,,,,,,,,,
2010067,http://purl.org/pan-science/PaNET/PaNET2010067,magnetic density,obtain_magnetic_density,,,,,owl:Class,subclass,obtain_electronic_ground_state_properties,,,,,,,,,,,,,,,,
2010068,http://purl.org/pan-science/PaNET/PaNET2010068,crystallography_,crystallography_,obtain crystal structure,,,https://en.wikipedia.org/wiki/Crystallography,owl:Class,subclass,obtain_atomic_structure,,,,,,,,,,,,,,,,
2010069,http://purl.org/pan-science/PaNET/PaNET2010069,local coordination,obtain_local_coordination,,,,https://en.wikipedia.org/wiki/Crystal_structure#Atomic_coordination,owl:Class,subclass,obtain_atomic_structure,,,,,,,,,,,,,,,,
2010070,http://purl.org/pan-science/PaNET/PaNET2010070,time_dependent_study,time_dependent_study,time resolved study,,,,owl:Class,subclass,versus_time,,,,,,,,,,,,,,,,
2010071,http://purl.org/pan-science/PaNET/PaNET2010071,electronic_excitations,characterize_electronic_excitations,,,,,owl:Class,subclass,characterize_excitations,,,,,,,,,,,,,,,,
2010072,http://purl.org/pan-science/PaNET/PaNET2010072,magnetic excitations,characterize_magnetic_excitations,,,,,owl:Class,subclass,characterize_electronic_excitations,,,,,,,,,,,,,,,,
2010073,http://purl.org/pan-science/PaNET/PaNET2010073,lattice excitations,characterize_lattice_excitations,,,,,owl:Class,subclass,characterize_excitations,,,,,,,,,,,,,,,,
2010074,http://purl.org/pan-science/PaNET/PaNET2010074,fluorescence_luminescence,fluorescence_luminescence,,,,,owl:Class,subclass,visible_photon_emission_technique,,,,,,,,,,,,,,,,
2010075,http://purl.org/pan-science/PaNET/PaNET2010075,grazing_incidence_diffraction,grazing_incidence_diffraction,,,,https://en.wikipedia.org/wiki/Grazing_incidence_diffraction,owl:Class,subclass,low_surface_momentum_transfer_scattering,,,,,,,,,,,,,,,,
2010076,http://purl.org/pan-science/PaNET/PaNET2010076,imaging_,imaging_,,,,,owl:Class,subclass,,,,,,,,,,,obtain_spatial_map,,,,,,
2010077,http://purl.org/pan-science/PaNET/PaNET2010077,luminescence_,luminescence_,,,,https://en.wikipedia.org/wiki/Luminescence,owl:Class,subclass,visible_photon_emission_technique,,,,,,,,,,,,,,,,
2010078,http://purl.org/pan-science/PaNET/PaNET2010078,small_angle_scattering,small_angle_scattering,SAS,small angle diffraction,,https://en.wikipedia.org/wiki/Small-angle_scattering,owl:Class,subclass,low_momentum_transfer_scattering,,,,,,,,,,,,,,,,
2010079,http://purl.org/pan-science/PaNET/PaNET2010079,spectroscopy_,spectroscopy_,,,,https://en.wikipedia.org/wiki/Spectroscopy,owl:Class,subclass,versus_energy,,,,,,,,,,,,,,,,
2010080,http://purl.org/pan-science/PaNET/PaNET2010080,tomography_,tomography_,,,,https://en.wikipedia.org/wiki/Tomography,owl:Class,subclass,obtain_3D_spatial_map,,,,,,,,,,,,,,,,
2010081,http://purl.org/pan-science/PaNET/PaNET2010081,wide_angle_scattering,wide_angle_scattering,,,,,owl:Class,subclass,high_momentum_transfer_scattering,,,,,,,,,,,,,,,,
2010082,http://purl.org/pan-science/PaNET/PaNET2010082,in-situ_diffraction,in-situ_diffraction,,,,,owl:Class,subclass,diffraction_,,,,,,,,,,,,,,,,
2010083,http://purl.org/pan-science/PaNET/PaNET2010083,x-ray_fluorescence,x-ray_fluorescence,XRF,,,https://en.wikipedia.org/wiki/X-ray_fluorescence,owl:Class,subclass,x-ray_emission_technique,,,,,,,,,,,,,,,,
2010084,http://purl.org/pan-science/PaNET/PaNET2010084,instrumentation_testing,instrumentation_testing,,,,,owl:Class,subclass,testing_purpose,,,,,,,,,,,,,,,,
2010085,http://purl.org/pan-science/PaNET/PaNET2010085,optics_characterization,optics_characterization,,,,,owl:Class,subclass,instrumentation_testing,,,,,,,,,,,,,,,,
2010086,http://purl.org/pan-science/PaNET/PaNET2010086,total_electron_yield,total_electron_yield,TEY,,,,owl:Class,subclass,electron_emission_technique,,,,,,,,,,,,,,,,
2010087,http://purl.org/pan-science/PaNET/PaNET2010087,lithography_,lithography_,,,,https://en.wikipedia.org/wiki/Lithography,owl:Class,subclass,manufacturing_technique,,,,,,,,,,,,,,,,
2010088,http://purl.org/pan-science/PaNET/PaNET2010088,x-ray_interference_lithography,x-ray_interference_lithography,,,,,owl:Class,subclass,interferometry_technique,,,,,,,,,,,,,,,,
2010089,http://purl.org/pan-science/PaNET/PaNET2010089,nonresonant_diffraction,nonresonant_diffraction,,,,,owl:Class,subclass,diffraction_,,,,,,,,,,,,,,,,
2010090,http://purl.org/pan-science/PaNET/PaNET2010090,nanoimprint_lithography,nanoimprint_lithography,,,,https://en.wikipedia.org/wiki/Nanoimprint_lithography,owl:Class,subclass,lithography_,,,,,,,,,,,,,,,,
2010091,http://purl.org/pan-science/PaNET/PaNET2010091,grayscale_lithography,grayscale_lithography,,,,,owl:Class,subclass,lithography_,,,,,,,,,,,,,,,,
2010092,http://purl.org/pan-science/PaNET/PaNET2010092,polymer_micro_and_nanografting,polymer_micro_and_nanografting,,,,,owl:Class,subclass,manufacturing_technique,,,,,,,,,,,,,,,,
2010093,http://purl.org/pan-science/PaNET/PaNET2010093,polarimetry_,polarimetry_,,,,,owl:Class,subclass,versus_emitted_polarization,,,,,,,,,,,,,,,,
2010094,http://purl.org/pan-science/PaNET/PaNET2010094,mass_spectrometry,mass_spectrometry,,,,https://en.wikipedia.org/wiki/Mass_spectrometry,owl:Class,subclass,versus_emission_mass,,,,,,,,,,,,,,,,
2010095,http://purl.org/pan-science/PaNET/PaNET2010095,radiotherapy_,radiotherapy_,radiation therapy,,,https://en.wikipedia.org/wiki/Radiation_therapy,owl:Class,subclass,therapy_purpose,,,,,,,,,,,,,,,,
2010096,http://purl.org/pan-science/PaNET/PaNET2010096,surface_crystallography,surface_crystallography,obtain surface atomic structure,,,,owl:Class,subclass,obtain_atomic_structure,,,,,,,,,,,,,,,,
2010097,http://purl.org/pan-science/PaNET/PaNET2010097,divergent_beam_diffraction,divergent_beam_diffraction,,,,,owl:Class,subclass,diffraction_,,,,,,,,,,,,,,,,
,,,,,,,,,,,,,,,,,,,,,,,,,,
1000000,http://purl.org/pan-science/PaNET/PaNET1000000,Photon and Neutron technique relationships,,,,,,owl:ObjectProperty,,,,,,,,,,,,,,,,,,
1001000,http://purl.org/pan-science/PaNET/PaNET1001000,definedByProbe,,,,,,owl:ObjectProperty,,,,,,,,,,,,,,,,Photon and Neutron technique relationships,photon and neutron technique,Probe
1002000,http://purl.org/pan-science/PaNET/PaNET1002000,definedByProcess,,,,,,owl:ObjectProperty,,,,,,,,,,,,,,,,Photon and Neutron technique relationships,photon and neutron technique,Process
1003000,http://purl.org/pan-science/PaNET/PaNET1003000,definedByDependence,,,,,,owl:ObjectProperty,,,,,,,,,,,,,,,,Photon and Neutron technique relationships,photon and neutron technique,Functional Dependence
1004000,http://purl.org/pan-science/PaNET/PaNET1004000,definedByPurpose,,,,,,owl:ObjectProperty,,,,,,,,,,,,,,,,Photon and Neutron technique relationships,photon and neutron technique,Purpose